LA_code,LA_name,Total_death_sd,Adults_sd,Children_sd,Ederly_sd,Pre_ederly_sd,Youth_sd,four_plus_bedrooms_sd,one_bedroom_sd,three_bedrooms_sd,two_bedrooms_sd,Female_sd,Male_sd,Bad_health_sd,Good_health_sd,Verybad_health_sd,Verygood_health_sd,Four_dimension_deprivation_sd,No_dimension_deprivation_sd,One_dimension_deprivation_sd,Three_dimension_deprivation_sd,Two_dimension_deprivation_sd,High_level_qualifications_sd,Low_level_qualifications_sd,No_qualifications_sd,Other_qualifications_sd
E06000001,Hartlepool,2.707415068,172.6789331,191.1759928,85.57597548,328.5502334,222.0188653,66.41830646,0.823054181,121.0214536,29.65160983,423.0498489,385.7849879,60.91683904,489.1107766,18.75697159,431.2045831,0.920521123,186.9415956,148.7453839,24.6699661,81.98052827,349.8196862,195.3562417,187.2015075,76.44657187
E06000002,Middlesbrough,2.536060699,176.1276785,208.3460715,73.01075568,281.3637753,261.151719,61.02526333,0.931046941,145.9450821,28.10511103,405.7975042,385.8703204,55.36950057,459.9858259,17.68294378,466.9617298,0.889358272,176.530669,141.699786,24.43650816,75.15077402,348.1212306,184.0624218,189.558378,69.91884606
E06000003,Redcar and Cleveland,2.307168335,167.0243388,177.1685551,106.7523127,347.1885506,201.8662428,56.11912313,0.761731768,122.5069764,23.55509005,429.3530407,393.4710798,57.97950649,498.4142795,18.17169727,425.4345167,0.776380456,199.1635599,154.2799804,21.7459771,75.4920128,361.1121284,195.1644681,181.1456739,85.40917447
E06000004,Stockton-on-Tees,2.22794185,189.1868521,196.2674344,82.08795792,313.9566823,218.5010733,83.68007162,0.874899539,118.7421793,19.87344476,412.8610232,390.876629,47.77358414,472.1812466,14.73086666,465.3193892,0.67143453,205.9930618,138.2900801,16.90794226,64.1779505,384.8133717,194.9652583,149.7553333,74.20368882
E06000005,Darlington,2.263429838,186.6587508,182.6977486,93.70970585,320.6556525,216.2781421,64.64689567,0.890529772,108.375618,35.53770373,421.8235452,395.4879825,46.53018061,488.9286741,12.31899519,452.2128737,0.705002737,220.545264,151.9837478,16.12229942,64.41498687,386.4342631,194.8868749,157.4382427,78.55214701
E06000006,Halton,2.132660845,193.5039462,190.9276296,74.72874733,317.3539439,223.485733,60.68743287,0.754993073,126.9322374,29.50699731,417.1609147,391.9270225,58.30570214,463.4489952,18.5245723,459.7362973,0.801693675,188.2267781,145.7992808,24.03524339,76.6123383,341.9495945,231.4871029,170.1847787,65.45089432
E06000007,Warrington,2.436319167,199.9061496,181.3304009,88.7170931,313.7874809,216.2588755,75.3457772,1.507294738,103.4914255,28.51062216,416.7954345,401.8646847,39.17544342,449.045854,11.1814726,500.59723,0.573530388,222.7620465,137.6283333,13.38553566,54.79348166,411.3540057,202.5225857,134.8649597,69.92330809
E06000008,Blackburn with Darwen,2.68846738,198.4231105,227.6795812,61.52454196,262.0415549,250.3312114,79.51659288,1.260219084,133.8158788,48.11451837,391.5985394,380.7412673,50.57679258,455.7275342,15.80120852,477.9138527,1.21498045,156.3124051,129.1369115,23.86014799,69.266811,328.8008531,190.9199599,186.9195722,65.69942159
E06000009,Blackpool,2.708528319,176.259962,175.1113191,96.78379988,329.639241,222.205678,51.34150146,1.347173771,116.8070564,28.97841686,420.9492612,403.9465101,69.32272611,504.9632718,22.03692674,403.6770754,2.141297257,175.6218271,161.3063331,29.65909413,90.65061403,323.0309992,220.8443234,202.6078448,78.41260387
E06000010,Kingston upon Hull,2.288269529,190.3008831,199.0045466,64.49849072,273.3864142,272.8096654,45.25230887,1.640363427,129.71979,47.11363449,403.6267761,397.3686773,52.42796258,498.1049683,15.87182695,433.5952422,1.127281716,178.1030208,147.4641779,24.16352701,81.59871767,314.3243425,203.3825942,202.2740381,81.02571401
E06000011,East Northamptonshire,0.563969645,168.1973718,158.0137749,122.9132393,368.4182843,182.4573297,76.86058846,0.482150215,84.03732135,20.65648404,433.4997969,408.4864282,41.16686196,497.5731773,12.57097105,448.6831455,0.48799446,227.0606077,151.170164,10.35015794,55.28655794,401.6545058,203.072904,153.3442231,83.90874796
E06000012,North East Lincolnshire,1.605443217,174.4963878,187.5820241,97.03375253,323.0189977,217.8688378,55.03102583,0.821834028,138.8899507,18.70468764,419.2882535,393.142464,50.39944956,504.4149688,14.60825911,430.5773225,0.860058866,195.5901278,153.854975,20.52673827,74.01602895,308.4871883,229.6293465,196.9025139,77.40529796
E06000013,North Lincolnshire,1.638378124,176.491042,178.0586987,100.3477133,336.8988685,208.2036775,59.80080151,0.807402169,123.8507779,18.82366808,418.7942008,403.1471004,47.16525224,510.7024988,13.1718529,428.960396,0.524516737,198.7918435,151.0902876,15.11669024,65.71782178,337.7828854,220.3913248,179.5497407,84.21735031
E06000014,York,1.661563645,179.2516554,151.552354,91.05565992,284.6993161,293.4410145,67.86772573,1.212892156,74.36113617,29.76516238,444.9391335,403.4887906,33.46793478,471.5340128,8.805794272,486.1922582,0.433880121,226.9242337,137.6090247,9.456614453,46.92807944,513.5513581,159.5199708,113.1687547,62.20756233
E06000015,Derby,2.705039715,195.677293,199.6219831,77.86076124,264.6156318,262.2243308,61.99782679,2.10817098,120.9041796,41.72724629,406.7507384,393.6272784,44.16063421,483.6473271,13.79302429,458.3990144,1.132520163,184.3597435,136.4304189,18.77458257,63.5359116,376.2071288,188.5952159,161.2349061,74.33694005
E06000016,Leicester,2.1976889,202.0598585,210.4273555,49.4778454,227.6371588,310.3977817,50.39219251,7.77602023,126.3182742,57.38681224,404.1034379,385.4827726,40.01693034,460.1065201,12.26907309,487.6129029,1.733732354,134.0237513,123.8139941,20.68540762,65.37174857,338.4983544,176.64535,210.793637,63.63801622
E06000017,Rutland,1.583511986,170.7513155,164.4416293,123.0754239,338.6766712,203.05496,84.73007211,0.292340674,71.64782693,17.39427012,409.2525823,426.2814266,28.47885402,461.2161372,6.870005847,503.4593646,0.194893783,235.6996687,128.7273436,4.823621126,37.24907425,459.1453908,200.5213409,109.4084974,66.53186513
E06000018,Nottingham,1.965207181,176.6090906,183.2586596,53.39430832,214.7606835,371.977258,37.43472484,3.296974941,122.7142107,42.88539381,419.5315638,397.2097766,45.69106696,463.9712017,14.62781572,475.7160955,1.130921114,160.3096128,132.7009239,21.67907796,69.63507709,438.4914872,163.5818682,159.2991997,55.36878534
E06000019,Herefordshire,1.566534964,167.2770628,159.8721109,122.8473511,359.9127445,190.0907307,65.63941894,1.384752749,89.18556221,27.21386678,432.3155312,407.8230511,40.85287938,490.2505921,11.63940825,457.2410806,0.796633821,218.8925186,153.3921096,12.21148757,57.5340708,416.9923598,198.7093463,151.3871587,73.02833129
E06000020,Telford and Wrekin,1.304272841,190.7418187,198.6968051,77.63657138,295.229164,237.6956409,77.10839477,0.856939594,120.6452378,26.72681412,411.1100332,390.1769931,47.49277799,479.2070883,13.70025439,459.5837106,0.673694649,189.6585177,139.7404389,16.91243047,65.36993921,358.7720433,215.3128099,159.8866037,67.3101798
E06000021,Stoke-on-Trent,2.771219569,188.4932461,203.0769826,77.44320161,278.399195,252.5873747,39.27313543,1.099198823,130.0383171,58.51685567,402.5699578,394.3491891,56.29910593,499.7329411,17.28528854,426.678794,1.017920037,175.5931416,149.324612,23.4856988,77.87281805,308.1859349,205.1979719,206.5023029,77.02519642
E06000022,Bath and North East Somerset,1.370153405,172.7168849,164.3667048,94.38547327,287.1634722,281.3674648,76.42353768,1.194360138,80.19792254,27.99249259,432.3997332,403.2439028,31.64795847,441.380701,8.970627013,518.0007135,0.589424484,221.6546283,131.8190984,9.404939791,46.28533315,514.8105828,160.8973729,102.3995781,57.52059108
E06000023,Bristol,1.195858309,203.3551763,175.1604355,59.03095262,221.8243083,340.6291273,52.04629347,3.477513631,97.90375563,43.64776999,417.7842121,407.0595855,38.16587084,442.2643842,11.46965695,508.1022046,1.236073013,203.4758204,128.9008263,15.90597379,56.09527922,503.9262251,150.5702022,119.9181313,50.42712249
E06000024,North Somerset,1.536445597,187.3817675,176.0822021,117.1851209,328.7070787,190.6438307,88.92005869,1.490306089,83.24028533,27.90517408,428.714461,395.1802671,41.05031975,471.5919053,11.63638377,475.6890935,0.876650641,224.9485544,146.1884153,11.83478365,52.84819179,428.4791496,201.6342614,122.800299,70.98563216
E06000025,South Gloucestershire,1.342864226,192.1742005,182.6915131,91.67975098,288.6435005,244.8110349,80.29639424,1.311875052,95.79786794,29.40528331,416.0468832,401.265047,32.81064926,460.7126133,9.289865851,497.1868716,0.499270033,219.3379335,133.0399691,8.4497149,45.32338925,429.2792607,199.5530672,116.3540203,72.11525218
E06000026,Plymouth,0.78203215,184.0609003,174.0531555,86.55244716,288.1694025,267.1640945,51.326999,1.567842234,104.3540679,39.72496647,424.5263416,401.4280587,49.52492491,478.1616578,14.74149493,457.5719224,1.065377132,196.8303141,146.9540414,19.07478419,68.86416442,406.1920323,196.8869831,143.1609966,79.70683239
E06000027,Torbay,1.069449628,163.2023198,160.0011484,128.9225116,359.4068502,188.46717,59.80304901,1.507277999,90.13522437,33.29648876,435.0865608,404.9051133,56.65929775,504.3998163,16.60159054,422.3392955,1.808733599,190.4696965,162.2548879,21.41770262,76.18931412,357.8349746,228.1875341,166.066148,87.91019494
E06000030,Swindon,1.358119369,214.0087657,198.1868892,71.43193766,284.0140353,232.3583721,72.59297977,2.853335961,104.4980742,44.59515618,406.2276414,395.5811851,35.06689916,474.7933902,9.382591223,480.7528351,0.762603305,202.4369031,138.7980858,13.56834082,55.13450523,354.7861926,233.9349902,138.9394673,74.14817639
E06000031,Peterborough,1.465181084,215.0987838,223.0228169,64.19904207,246.6558169,251.0235403,77.42740167,4.168347452,123.4832362,46.69569209,398.0053136,378.9765061,39.79172173,487.3489032,11.28096702,461.5784081,1.191618793,176.5728673,136.8460586,16.58993013,60.74937521,323.0956123,207.9861642,173.7398747,72.15553175
E06000032,Luton,2.259591054,214.2704939,233.3460593,54.20354964,223.4020829,274.7778143,62.20312347,8.479015546,136.232476,61.31526844,385.2314194,381.4225213,36.23336382,465.8042635,11.17365557,486.7842779,1.398371674,144.7647628,127.6868713,16.56737488,60.0190001,339.0629578,184.6427715,175.2537046,67.69450684
E06000033,Southend-on-Sea,3.359419103,203.009641,189.6992573,91.52895078,295.9609488,219.8012021,66.03721373,5.003154644,95.55803991,48.47636231,420.2207144,390.0800283,43.13007095,477.2644256,12.60750695,466.9979965,1.765493729,197.6412118,149.7515026,18.13643558,66.2973335,360.4208406,225.4961646,159.51983,64.86390755
E06000034,Thurrock,2.539758297,215.7487742,225.2089477,58.64171226,252.8167454,247.5838205,57.50535508,5.37496946,135.4821848,56.23831683,400.4920427,374.316055,33.54526395,448.9292674,9.857898535,507.6675701,0.988630746,172.1865217,131.7833421,14.20446475,57.97694331,328.8276771,215.2885495,167.2888222,63.3803217
E06000035,Medway,2.605683894,198.7218209,203.79379,71.91187141,284.2304297,241.342088,58.96566145,3.188299085,124.7904551,44.43959925,410.1110543,386.0737098,39.92879942,474.1200902,11.12687786,474.8313812,1.397561595,185.1786984,137.2898743,15.4625357,59.05859393,346.7453972,222.7663141,154.2607757,72.43729738
E06000036,Bracknell Forest,1.259961318,219.5382282,198.0145578,66.77794987,280.1528004,235.5164638,81.38387089,2.897108509,96.45525532,38.71371592,410.4665067,391.5189355,25.25540299,439.686374,6.789345703,528.292953,0.633993275,227.3307278,125.5226432,8.578972289,41.18548717,428.9646649,204.7236512,105.7966246,62.50050158
E06000037,West Berkshire,1.38124969,199.1353253,190.2284327,89.55824786,318.1767504,202.9012437,90.47495169,1.85818344,86.69045141,31.81210049,413.2476091,396.5239582,26.75164759,456.0663495,6.726624052,510.4615728,0.526485308,231.1642139,130.4320896,8.454734651,42.29844904,436.2023686,197.828403,114.4888757,61.25192012
E06000038,Reading,1.532509872,222.2598494,188.6307283,56.43309762,222.7592065,309.9171182,54.26921664,4.913215171,95.53218845,56.10019286,409.2891909,402.0686013,28.80200202,451.4073836,7.829001745,511.9616126,1.119248783,199.0770502,124.9655616,13.48838277,49.83239967,464.247176,160.7241253,128.3462669,58.06318303
E06000039,Slough,1.974763407,248.1640379,249.6277603,40.25236593,208.9842271,252.9716088,66.10725552,15.36277603,126.1892744,75.72870662,381.9179811,368.4605678,29.17981073,445.5520505,8.29022082,516.977918,1.059936909,139.9621451,120.9842271,14.46687697,54.27760252,363.4321767,170.977918,151.2050473,64.75709779
E06000040,Windsor and Maidenhead,2.039127801,215.4830388,194.2839274,89.93009635,298.7029062,201.6000313,99.31138719,2.527736698,79.63673557,33.17980156,415.2980189,390.4180538,23.68775937,412.1513776,6.527814876,557.6265334,0.345283621,234.0371473,118.3150159,6.977335062,37.29063109,481.7292846,169.351844,101.3179411,53.31700294
E06000041,Wokingham,1.504208403,223.4904395,206.6511927,82.72582844,282.70104,204.4314994,122.4549583,0.974636905,84.13989702,27.62785771,408.6432829,384.6998907,20.70962581,423.8712803,5.819652736,549.5881737,0.33802436,239.5353292,113.6494237,5.070365404,31.05880497,495.9887776,164.3305428,82.65258983,50.37689716
E06000042,Milton Keynes,1.745267573,228.5220614,216.7824372,56.37806467,258.7524646,239.564972,88.03324717,4.403229964,106.7609088,47.72488173,401.4219925,381.7886032,32.18468484,447.6977099,9.29415945,510.8164787,0.919661955,201.9285033,128.1151807,12.72547394,50.3096892,403.8012694,196.5881935,123.9348991,58.8897172
E06000043,Brighton and Hove,1.461545124,213.2268029,150.6149316,64.19611409,267.3905826,304.5715688,59.4722559,5.146082337,63.16401062,45.0552861,436.9911658,412.3939027,38.81936024,447.4709856,11.8078411,501.8982043,2.03172816,209.7479647,144.5666609,18.74747387,63.01244298,545.4594665,150.1674462,105.4297304,48.32481668
E06000044,Portsmouth,1.706706153,190.4828296,178.7618448,68.47497392,255.8424638,306.4378879,43.11957039,2.605731648,107.7580612,48.2493041,416.5612996,404.6768556,38.46098374,476.8536992,11.11041668,473.5749004,1.350942054,195.4683346,138.4691567,16.94206334,61.97026004,425.4073259,186.7184608,143.1037052,66.01347096
E06000045,Southampton,1.373924362,198.2307711,178.9877954,62.83494428,233.3220848,326.6244044,37.46555146,5.427402962,100.6258989,57.39950667,410.7913322,410.2248897,38.30918922,473.4414797,11.3810752,476.8682559,1.655136951,186.4077904,140.9075935,18.37121669,63.59421827,428.4675521,181.3459638,142.1368943,69.06179446
E06000046,Isle of Wight,1.815476402,155.1769556,148.6056429,137.6629479,381.5775422,176.9769114,47.57260126,1.352707908,85.9254302,36.38784272,443.3962936,407.9980635,52.58474003,533.8212574,14.80147232,398.7925302,1.388305484,203.3974327,167.1377413,17.54960522,71.69351911,386.0699564,219.6797642,157.0849857,88.55965086
E06000047,County Durham,2.583954581,175.1419355,168.7711179,94.97230246,333.8070903,227.3075538,54.49290131,0.614862432,108.5720634,28.68017193,428.8100401,402.418842,57.78366037,495.3454339,17.24679544,429.6241103,0.589961461,199.9969353,151.7177839,20.93788549,76.432572,387.7521702,197.4512899,173.9313653,72.09405671
E06000049,Cheshire East,2.279498059,187.6761658,173.7785,106.6774999,333.7245343,198.1432999,90.0088271,0.531632111,83.99536577,25.12964802,425.4837351,400.7427803,36.39423029,454.5404391,10.64016531,498.4176422,0.40373948,240.2274984,138.4976879,10.24645662,49.11077006,449.274272,184.7822816,124.1912672,67.9711715
E06000050,Cheshire West and Chester,2.416351673,185.2134957,173.0141397,99.02281954,323.9647207,218.7848243,73.42573149,0.551588968,100.6467871,23.44953101,427.8566429,399.1348173,40.59638807,459.4792104,11.75696486,488.1674367,0.688786224,226.1122778,139.5352093,13.21853563,54.87330253,441.9655607,190.2113958,130.9561809,63.85272295
E06000051,Shropshire,1.665605706,166.637825,158.7115196,121.5119621,357.1503619,195.9883315,72.67788607,0.49442841,87.07193315,20.96685476,429.4048936,411.886677,39.54191208,482.8773261,11.27605792,466.3047039,0.441895391,219.0070641,146.8081556,11.42438645,53.64239229,420.013844,207.2087662,140.828662,73.23720821
E06000052,Cornwall,0.883733,170.0800269,162.8593672,116.3459043,354.3471247,196.3675768,61.01965955,1.048556219,91.44006397,32.91730083,435.627766,401.5076064,47.29374303,480.7402316,14.567567,457.3931981,1.20987256,202.5607216,155.8473667,15.34258681,64.33716518,413.5397014,210.488017,136.6261739,76.48148018
E06000053,Isles of Scilly,0,183.4549878,157.6642336,148.4184915,353.2846715,157.1776156,53.04136253,1.946472019,72.50608273,35.03649635,436.4963504,405.3527981,32.11678832,446.2287105,8.272506083,512.8953771,0,232.6034063,163.9902676,10.2189781,51.58150852,484.6715328,190.2676399,103.649635,63.26034063
E06000054,Wiltshire,1.514697266,183.3881015,178.7440749,103.5147639,327.8937478,206.4593119,82.05034752,0.785761454,89.31227257,29.61399714,419.3477592,401.9120849,33.3017853,462.3294986,9.000005879,495.3687102,0.440888596,225.1196768,138.9759236,9.499679621,47.4160989,430.5913982,206.5788417,118.3717298,65.7139554
E06000055,Bedford,2.586016078,208.0312265,200.3325649,77.24575791,279.4301047,234.960346,80.31226549,3.271661259,106.6313226,37.68888985,410.5233038,389.14953,34.32005053,468.1498918,9.366884957,488.1523752,1.252517182,208.9544181,132.2539371,12.00688884,50.17087142,406.9978999,190.8091153,133.9599518,67.88967051
E06000056,Central Bedfordshire,1.974498049,202.7106018,195.3835488,81.02918587,301.289371,219.5872925,84.21353126,1.206448894,101.4198714,33.94369452,411.5689953,393.0474559,29.96411239,458.1719071,8.180063347,503.6839172,0.451993529,224.7801204,132.3151584,8.859752865,43.96911491,413.7983769,202.3503664,120.9779373,67.48637223
E06000057,Northumberland,2.183617256,170.0008423,161.3412401,112.2691215,372.1694861,184.21931,64.14531661,0.393051106,94.26675692,25.68557783,433.4636225,405.1795401,48.80072621,500.1544129,13.41364886,437.6249731,0.595815565,222.3546257,155.6763131,15.70644697,63.97998559,406.5988913,202.527381,150.2734201,79.25282856
E06000058,Bournemouth Christchurch and Poole,2.173923908,190.8105488,163.1417448,107.476799,300.3563236,238.2145838,58.00628689,2.968530577,78.54611967,45.2301111,432.3110061,404.5472491,40.55492531,472.2387418,11.83164334,475.369692,1.474270236,209.8111435,147.8418183,14.71521597,60.54752897,427.8082349,200.9930085,133.2265529,74.82796016
E06000059,Dorset,1.422628754,154.8505054,151.9499235,144.4811225,376.5066034,172.2118452,61.50761765,0.850942755,80.6367054,29.07168205,439.8083139,408.2338591,39.95479202,500.2305185,10.98585538,448.8288341,0.766638829,222.5412892,156.0386639,10.89628246,55.66693626,416.7301142,215.5440633,133.9220558,81.85384334
E06000060,Buckinghamshire,1.889422668,204.4355327,198.3134417,90.06308321,301.0220963,206.1658461,99.0382929,1.878574309,89.91301423,35.28790643,414.2337713,387.450979,26.26207106,435.2759732,7.046009702,531.415946,0.437550513,227.6926081,123.5103846,7.608316353,39.11737745,454.7849403,178.817131,110.257305,57.82537395
E06000061,North Northamptonshire,1.315632101,199.2723692,195.6453412,80.51779719,301.1017376,223.4627548,77.10494183,1.360135513,111.1806477,31.51119678,412.0209277,392.339294,38.1561124,489.3372608,10.65578558,461.8536227,0.689802878,202.31529,140.9005822,13.6792361,56.61946524,349.2210512,219.2683083,160.4403613,75.43050097
E06000062,West Northamptonshire,1.869742816,204.4596655,193.1402049,76.14269238,288.7366787,237.5207586,82.94517379,2.715355145,96.65583813,36.87809324,410.3028467,396.5592974,32.62889128,466.7498185,8.618198987,491.9983933,0.657698478,210.188689,134.5674575,10.94363289,49.16296124,392.6624339,203.4237904,140.4749992,70.29387377
E06000063,Cumberland,2.737379874,172.4329744,166.1091878,104.4339699,353.0817481,203.9421198,63.25616459,0.44281145,102.5382977,22.31623325,426.8921955,407.0022763,47.72482745,488.1502192,13.599069,450.5258843,0.596514598,220.9921904,154.5009405,17.47458409,65.44460465,377.0448008,203.1150505,170.7019842,83.0289767
E06000064,Westmorland and Furness,2.475826489,165.8494821,151.8948237,120.6226196,369.7234224,191.9096522,58.78874271,0.613440075,87.46154966,24.89507527,433.0092546,415.0870953,41.17551006,484.2690133,11.1875582,463.3723316,0.503109126,236.6069261,152.5612226,12.0128337,55.21401997,433.5564961,190.4709366,135.8659435,88.20738688
E06000065,North Yorkshire,1.662087667,169.5816836,161.3524812,116.3981277,363.2417046,189.426003,77.75093381,0.666134842,83.11250693,22.1449217,431.0818517,407.5656671,36.38558484,477.257994,10.19673724,476.1596839,0.536157312,237.6882846,146.9867147,9.977400157,50.60350192,433.4409439,194.9662952,134.8354403,75.40483939
E06000066,Somerset,1.261486349,169.2666233,169.028673,117.5211881,346.5010813,197.6824344,67.79308125,1.06377767,91.30466732,30.49087741,428.5081918,402.4631352,40.14535962,488.9108176,10.99120284,459.9526199,0.575629693,218.765528,150.5157922,11.83102732,55.93405978,400.1203748,212.0031913,141.851603,76.9961578
E07000008,Cambridge,0.830621799,189.8554306,143.5328199,54.34737839,197.3447561,414.919615,54.81417411,1.578867883,67.87072504,36.68465203,429.4246056,427.0219806,25.50214863,417.1231654,6.871507613,550.510043,0.562900724,203.5160701,108.9281546,9.541853728,37.65256669,633.9635076,100.0933591,82.08053599,40.32977745
E07000009,East Cambridgeshire,1.105236771,204.9815414,186.1013627,97.11271136,315.0836334,196.7207511,95.01617975,0.888747094,84.95510688,29.97812315,418.0757486,395.7659177,32.57599927,475.2404175,8.784923203,483.3758717,0.341825806,226.3798368,141.1170867,9.00141288,47.03523085,418.6568525,189.474044,134.7249442,71.0200082
E07000010,Fenland,2.020320323,176.8902683,172.0395475,106.5889771,332.1816531,212.299554,58.28672933,1.68848027,98.51745576,36.04368577,426.2778282,401.6923843,49.42464791,533.5109654,14.3569623,402.7367044,0.966240155,179.2912287,160.7569857,16.61152266,72.63393162,292.7414868,237.0997179,213.6366742,84.48257352
E07000011,Huntingdonshire,1.382498673,198.1452398,180.1174571,92.47257123,317.5931251,211.6716068,90.36011325,1.083878959,85.74256769,27.51172359,416.64639,403.2195629,33.6500177,478.8698903,8.715271633,478.7703504,0.453459565,227.8634313,140.0139356,9.39546098,47.42523447,418.1394886,206.8107415,128.2626969,66.669616
E07000012,South Cambridgeshire,1.122632141,214.7928374,195.8931402,93.86314991,301.5192544,193.9316181,113.5894004,0.789543483,80.58895009,29.02805964,413.3876967,390.7561729,26.60391441,443.6247448,7.685712347,522.0671235,0.222059105,241.3844152,127.6531437,6.50756543,37.48481054,498.5597,156.1137189,95.04746513,54.39214404
E07000032,Amber Valley,2.424607388,181.013581,167.5276928,101.6037272,347.6379887,202.2170103,64.22040157,0.554648749,97.91135128,27.62150769,426.612047,405.8681838,44.47490611,499.4295041,11.8219419,444.289495,0.594266517,218.0561938,149.6996973,15.26076415,62.31082516,388.1590416,205.8856156,163.7640049,74.63987449
E07000033,Bolsover,2.765562518,180.7457053,174.342556,91.87398004,330.8584456,222.1793131,50.67706452,0.448469597,119.3178279,26.28530141,421.4368468,404.2330547,60.34407584,503.8929653,17.86403897,417.8989199,0.573044486,187.6720691,151.483064,20.82892131,78.70641436,326.0996848,221.2823739,199.5440559,78.73132934
E07000034,Chesterfield,1.998667555,182.1297879,169.5970802,99.527851,334.2312854,214.5139955,51.77224845,1.400032828,103.7279495,35.75394182,424.9051357,405.4977841,56.71581265,512.6727109,15.72864467,414.8828317,0.97519528,207.4752098,158.7057903,20.73979666,76.12316427,371.7521652,216.609217,167.8108314,74.2017399
E07000035,Derbyshire Dales,2.334325771,161.1383682,146.4894256,131.0996492,398.428873,162.843684,70.99425504,0.40536196,80.5971401,18.73051816,438.601641,414.8530213,35.42024853,478.9281671,10.31576299,475.3218434,0.503207951,238.8700186,150.4591773,8.736249144,52.69705484,468.6403601,187.6126976,133.9511609,63.2644218
E07000036,Erewash,2.559651391,185.4817282,171.638354,97.40846368,326.0145608,219.4568933,55.05464723,0.717410944,109.3033143,29.77698262,426.3989513,401.9626946,44.46176465,500.1594247,12.06313216,443.3156785,0.699697093,214.1515951,151.0460029,16.45616708,63.45101235,365.2507396,216.658105,164.1188245,82.36054771
E07000037,High Peak,2.617311647,180.2425962,167.9588268,96.18070447,359.4954527,196.1224198,69.22679335,0.560852496,93.5304015,29.59321698,425.9509749,406.057207,38.87477593,473.8653734,11.07408751,476.1857631,0.516864065,233.3806209,146.8773713,12.34975202,55.24946939,447.2853639,192.1744581,124.3442974,68.23705365
E07000038,North East Derbyshire,2.666692811,171.9526662,163.9918038,117.7952725,353.0622849,193.1979725,63.49081854,0.598045079,98.92253846,23.3923862,431.1610898,404.8569104,50.64755537,500.0539221,14.20602163,435.1121089,0.647065167,211.8942343,154.628967,15.88250865,67.80458632,380.7390269,210.4432396,167.3153658,77.52036785
E07000039,South Derbyshire,2.220045707,195.14948,188.9277552,80.95704491,314.8453897,220.1203302,91.23641621,0.522363696,94.68774777,25.26934378,417.6391027,393.4891096,35.94048785,471.9742549,10.14878037,481.9644606,0.32647731,228.9632013,133.4172846,9.859614757,49.41933678,410.7364395,199.9813442,129.8633459,70.51909892
E07000040,East Devon,1.200074259,159.3247759,155.4063014,152.3298679,359.8896727,173.0493821,70.47949928,0.68954543,80.8160505,26.1496844,442.8870737,401.7132552,38.44215775,487.5285101,10.1111229,463.9381,0.563570784,224.6857264,156.6130059,9.182888665,51.77557948,429.8785339,209.9268021,127.3471066,77.46777701
E07000041,Exeter,0.872166415,177.2486975,148.2529895,80.69834518,250.059292,343.7406759,53.79889679,1.614272927,80.94316382,31.27558164,440.7959666,410.9433933,35.68996779,445.3098103,10.25178067,508.7484412,0.994575737,200.2999028,133.4185098,13.61038643,53.74534271,508.9703081,166.9969168,115.3554843,60.42430131
E07000042,Mid Devon,0.832810312,174.9384445,176.7851108,112.1035099,347.5836431,188.5892917,81.72403804,1.001786318,89.53314344,29.23284894,426.5678559,396.6711727,37.23506976,480.6160382,10.54893062,471.5999614,0.56727659,211.2562159,150.8835031,11.30932265,56.1000338,400.59383,211.4131222,140.1776662,71.01820113
E07000043,North Devon,0.557747107,165.1945523,166.492582,124.0429567,355.8122319,188.4576771,72.85191307,0.537465394,89.25981888,27.36003083,431.0269645,402.4804535,44.13300747,475.1903946,12.82818347,467.8484145,0.912677085,209.9664338,153.3703137,12.85860604,60.94654755,385.98128,221.4965876,148.0159414,78.02374989
E07000044,South Hams,0.507763134,159.7535656,154.1230366,130.6756635,389.7589818,165.6887525,75.52130348,0.428777758,78.21808991,24.53060119,442.7356021,403.1413613,38.51101282,459.2096949,11.48673046,490.8264127,0.575464885,235.1846001,148.7181802,9.365408919,49.99774327,480.2310886,185.6156346,109.7332551,70.35340314
E07000045,Teignbridge,0.778925972,166.3711694,158.3222676,127.9144813,368.216853,179.1752287,72.38076869,0.942129509,80.62996565,27.93747821,438.7652911,402.9124413,42.57386815,490.1966603,11.5651961,455.6791122,0.793762658,219.3678088,155.1620537,11.00140207,57.57375687,422.1259486,209.909422,131.7349278,77.92227061
E07000046,Torridge,0.645985348,153.568335,154.9630761,129.5494252,389.4263944,172.4927694,67.28524658,0.763437229,82.50994671,25.19342857,436.2603321,408.7912733,47.21565634,501.6076226,12.91970696,438.2716956,0.880889111,206.2895483,160.7622627,13.31610706,65.93454994,369.9147006,230.6167692,158.9123956,85.62242156
E07000047,West Devon,0.525412449,157.6937896,152.9475638,134.0852569,389.8735507,165.3998389,73.71536656,0.71806368,75.9396126,24.16897264,434.7612876,412.2386073,41.68272094,491.0504746,11.7517251,455.4800518,0.928228659,214.2982241,152.9475638,10.85852394,55.62366458,430.6105293,209.0616134,131.8785246,75.4317139
E07000061,Eastbourne,3.107605767,177.6252385,168.2532502,123.920697,321.4700155,208.7307987,46.74193104,4.7695848,95.24418307,44.93243908,441.2210137,390.5355703,48.63993077,504.9564345,14.16124147,432.2718958,2.32087013,193.7828216,161.2808056,18.50795586,72.6353677,389.8865134,214.1101037,153.0889208,74.63170938
E07000062,Hastings,2.637507555,187.5157976,179.0318149,88.85103577,330.1829771,214.4183746,55.58547173,3.088081763,96.85147536,48.58508709,427.8916424,393.0655531,55.22281444,505.3684268,17.45150832,421.9462608,2.120995659,186.9003791,155.7558108,22.81444035,76.93829331,375.0206055,215.8690038,165.2728172,64.80575856
E07000063,Lewes,2.662476103,173.751589,167.0053149,130.8216641,350.716166,177.7052659,69.45459277,1.86173141,86.64057574,35.05259892,438.2976168,394.6970683,43.0099993,489.3350816,11.88104938,455.7538511,1.060986718,209.5348674,153.1824597,13.68272493,59.82563784,428.1181499,203.5693195,133.8444754,67.46274035
E07000064,Rother,3.748133988,142.117642,146.2846219,161.1375426,387.2606403,163.1995532,61.33407795,1.396153061,71.65487096,32.6055438,453.986017,399.6541836,46.87852394,517.3069281,13.0486613,422.7336677,0.773254003,206.7487891,166.1959125,12.80164961,65.64067316,395.0146596,220.0552017,161.1697615,77.44353635
E07000065,Wealden,2.335296064,165.187854,165.4875711,128.5911421,363.9003191,176.8331137,84.66384849,0.768025176,75.5536962,28.99138938,437.4996097,397.0128192,35.13559079,473.5780607,9.122640508,482.1574639,0.343425892,223.71387,146.0371774,8.036165868,48.1233336,422.1328621,217.126337,124.6635987,70.58963104
E07000066,Basildon,2.958879571,197.8184261,207.4307862,78.63155818,282.1758161,233.9434134,73.71608618,5.688512617,111.20589,43.13566596,413.3847983,379.1844155,38.54007283,464.9279473,11.8408496,484.6911303,1.178220514,187.9661568,139.7977299,16.05258809,62.12047705,329.7791236,234.1993165,164.3484334,64.24234023
E07000067,Braintree,2.589038449,190.7322728,184.8328718,92.41321569,319.9781027,212.0435371,76.86610421,1.449088684,96.3611773,36.42042893,420.0618278,395.1117408,34.97778064,483.0360018,9.409415856,472.5639209,0.618277839,209.2226444,142.925227,11.38661686,54.36980743,359.084176,236.2078959,149.6618793,70.18097508
E07000068,Brentwood,2.907354048,195.4157257,184.0458947,100.8488435,304.6621499,215.0273862,98.73322431,3.49142071,72.55405861,36.44575968,425.0317992,390.9482647,28.73607974,422.5268022,8.968668068,539.7814293,0.700879994,232.7830127,132.025024,9.293149547,44.97313293,428.8087636,204.2805597,123.0693352,59.82140539
E07000069,Castle Point,4.074251845,170.4265128,169.3884157,121.6917633,337.4038644,201.0894438,78.99583645,2.533849777,87.1331778,26.20915981,433.1208769,397.4907074,42.49500486,488.4860527,12.20043087,456.8185116,0.859499704,182.9283267,153.6048757,14.12035228,65.83544487,294.7525869,254.3337761,198.1649123,83.36030897
E07000070,Chelmsford,2.280702721,203.2249357,186.1196653,92.12606667,295.1030999,223.4262325,90.44583882,2.115434408,86.80442699,33.09773417,419.1479868,394.7378569,28.03501485,448.323353,7.943896917,515.6977353,0.495804939,226.6765093,133.8783515,9.332150747,45.0080706,418.6962534,208.4088518,123.4058494,63.36938019
E07000071,Colchester,1.821332946,196.6624463,188.7544366,83.11193674,276.775151,254.6960294,75.7228253,1.686419394,95.9391021,40.83210527,418.7301521,392.5257892,32.59200066,466.3805808,9.226011333,491.7962183,0.752402499,212.4421428,137.5080429,11.89314847,51.01807842,419.378775,204.0256128,124.7587123,63.09284128
E07000072,Epping Forest,2.837478423,199.9348047,185.5696071,92.89593196,308.4702065,213.1294498,86.96908408,4.645167026,85.57627483,34.86468265,423.8140748,390.6459523,31.21967121,440.9945251,9.757073323,518.036139,0.770490224,206.5876914,134.1097504,11.55735337,51.16351432,394.1872439,203.7576216,153.6090799,62.86163033
E07000073,Harlow,2.014400823,209.7548431,216.7195268,66.2394994,260.1791531,247.1069775,45.01328647,9.696982685,110.2027259,78.0044574,408.0340305,375.2357278,39.20581176,471.6590948,11.68995371,477.4451397,2.014400823,174.1385222,143.5474884,17.88316475,68.03960226,321.4040802,229.513115,164.6236928,67.73958512
E07000074,Maldon,2.099412467,166.2160733,162.8177438,116.1020405,365.2373544,189.6267879,86.58943648,0.860910148,74.00806537,26.94497727,431.4519174,405.7152351,37.5628691,485.5231162,10.14967754,466.7492335,0.438006917,209.0652328,146.3245178,11.38817985,54.17692459,360.6458336,236.5841502,161.216753,78.72041565
E07000075,Rochford,3.12861162,180.8057342,174.5368371,113.3071059,334.5980084,196.7523144,89.04869194,1.540957962,85.5231669,25.1923279,429.9155975,395.5475654,33.11892226,468.8131122,9.327465241,488.7405003,0.595370122,205.09917,144.6749396,8.930551826,55.78968259,340.7851881,250.3122775,158.2517131,76.11398419
E07000076,Tendring,3.884254607,148.4985603,157.8045869,144.8098671,366.6507071,182.2362787,59.82156705,1.982588289,85.15014397,33.21846909,440.6538495,401.5415635,59.95643701,527.8742473,17.73539864,394.4406606,1.64541341,174.3733605,171.4331955,21.38363083,86.01331166,298.4334855,237.6003938,221.0653377,85.09619599
E07000077,Uttlesford,1.412290209,197.4688256,195.0931126,94.42638027,323.5567817,189.4548998,117.2310354,1.094798612,79.07730373,25.30079592,416.2205362,388.6754032,25.19131606,427.8254015,6.995763129,539.9875193,0.273699653,234.8452502,124.4129142,6.689219518,38.38363933,433.6935221,201.4976845,110.7607756,58.95490525
E07000078,Cheltenham,1.817661612,195.3481327,171.6680411,96.22666914,286.2480435,250.5091136,73.59846509,1.253849908,81.36560244,32.00262551,425.9218742,402.43533,31.09379471,452.7997038,9.231364761,506.900382,0.690038205,249.9957924,136.6275645,10.60302607,47.23395661,490.8275409,169.8672097,110.9194338,56.73460457
E07000079,Cotswold,1.464225557,174.7382559,159.82077,124.9105501,364.3499609,176.180463,83.63700417,1.023856968,74.33421774,24.09917101,439.1025288,401.065692,29.70286129,457.983332,8.289938679,504.0128588,0.275230368,254.8082745,142.1179527,7.332136999,42.40749507,472.7907258,191.6484097,114.9251924,60.80389286
E07000080,Forest of Dean,1.287297136,161.705209,160.4179118,114.8108133,362.8683739,200.1976921,68.26122937,0.643648568,87.53620523,27.30908924,431.347984,408.2341042,42.09001885,497.2529999,12.5166659,448.1403154,0.563192497,205.7146798,148.9701623,12.65459059,59.85931681,389.4533585,219.219806,154.3262379,76.58268585
E07000081,Gloucester,1.842677622,194.4478009,192.4012204,78.96326728,282.8208072,251.3669043,67.68064282,2.084340261,106.1956259,41.64904543,411.7251692,395.8811624,39.05872402,483.2875181,10.32352586,467.330232,1.16300145,204.7713267,141.1913968,14.560174,56.74540841,372.0094248,216.4995167,147.0592678,72.03057032
E07000082,Stroud,1.42853604,182.1177015,172.6464249,107.9576889,350.9987366,186.2794481,88.53620472,0.644079833,81.31095018,26.861432,427.0166718,400.3203884,33.14533909,472.1848344,8.35652296,486.3050461,0.470673724,238.5655186,139.6497197,9.025375094,44.79657812,461.2932793,189.153035,111.6157321,65.2915287
E07000083,Tewkesbury,1.854896505,185.742591,184.7624468,106.3719911,321.8140045,201.3089667,86.95881287,0.822056406,93.32448042,28.10800556,425.0137009,390.2238523,31.15382994,462.9442266,8.073015472,497.828928,0.463724126,237.5848404,139.8549808,8.399730197,45.07609291,434.20387,200.9400953,112.9484423,67.13460647
E07000084,Basingstoke and Deane,1.55006103,209.6255009,190.9059486,78.60483705,294.2955594,226.5681541,83.25502015,1.393434654,97.52962399,32.54588073,412.2244186,396.8750338,29.26752865,461.9937998,7.582876956,501.1719974,0.464478218,227.8211651,132.4519049,8.911500697,44.29825983,431.1708092,202.4530931,115.0501744,60.41997472
E07000085,East Hampshire,1.558747276,182.079178,174.2615832,111.5617693,343.910547,188.1869224,94.1053904,1.375833055,78.07256128,27.63595298,429.6416472,396.0649584,28.62209922,456.5857072,7.197276964,507.6108222,0.485120326,238.9336896,132.2867459,7.738066835,39.81167788,466.6778006,191.8849708,108.1977382,58.97790714
E07000086,Eastleigh,1.297245003,198.852268,191.3692897,92.43420329,300.5064386,216.8378004,81.8437003,0.769552121,99.48476653,35.01095696,417.3684249,391.2549563,29.96122923,463.9006765,7.900735106,498.2373592,0.395769662,230.1107422,134.0413213,8.428427988,44.20893707,421.7658656,202.3262461,111.0720227,73.48123392
E07000087,Fareham,2.305415106,177.7527442,164.8284474,122.5712365,343.5155834,191.3319885,78.32298516,0.550155877,88.08606883,21.97130457,431.7413743,403.4476435,32.29327675,477.7536175,8.042754971,481.9103508,0.41043375,231.9911276,140.2897488,6.986106381,45.06911879,439.5396156,203.7148621,115.6724564,76.20968798
E07000088,Gosport,1.903530072,180.1886447,179.8713897,99.44724415,325.2351958,215.2575257,51.04145059,2.159774505,111.7347748,39.20539822,424.8166632,395.3363513,43.76898954,512.0373873,10.95750003,433.223921,0.890754457,201.6155601,156.3457103,14.74015594,64.73222457,365.6974119,233.8901566,142.7037448,77.82509487
E07000089,Hart,1.508932883,206.3013037,191.9362627,97.22557541,305.3476581,199.1892001,114.8398519,0.794704652,79.99356189,24.03227104,411.8883792,396.1753581,21.8996459,422.9840657,6.317399002,548.7988894,0.231369709,243.9642685,119.6986158,5.291324642,32.83437953,478.2009496,184.8543377,87.9406084,57.05778207
E07000090,Havant,2.383099317,166.3821976,171.8327322,119.3159861,340.1793765,202.2897076,57.36345485,1.384773928,101.2495169,35.84310189,433.3617802,394.8135386,43.77334793,500.8373052,12.3583022,443.0310447,1.618253253,196.4607755,152.5344583,16.26304264,64.56910988,366.6672034,220.2837176,164.9813217,76.23502512
E07000091,New Forest,1.723696561,158.6028387,153.8299627,147.6178286,370.6630259,169.2863441,65.5744233,1.08086583,83.86949967,25.62220895,444.1391473,402.03089,37.17040703,490.8894388,10.72332679,461.2168274,0.722473476,227.0216458,151.2984612,9.50593054,52.70643115,413.8521489,212.0658759,136.2516711,84.00034133
E07000092,Rushmoor,2.19535667,211.9571755,189.3119211,68.72769558,269.1166446,260.8865632,52.40787522,2.897068848,110.3592766,48.19760215,408.5167809,402.1412246,29.72252296,466.9694053,7.819078552,495.4889931,0.842054613,201.3011749,129.2052608,12.14964513,50.50322788,380.5786118,211.5662216,148.3920767,70.15116885
E07000093,Test Valley,1.693590412,193.7666677,181.9345247,101.3701989,321.7285351,201.2000736,84.73316372,0.927259909,92.9252368,26.806241,420.6924562,397.3653557,30.33136131,458.0127517,8.207399687,503.4484873,0.406155167,233.4242712,134.1461546,8.552248414,42.70759893,439.4982068,197.8358827,115.3097508,65.42929835
E07000094,Winchester,1.490850884,185.1009071,178.0703682,103.339506,306.2286181,227.2606007,98.33338564,0.870970779,74.08744233,26.31744139,427.1915508,394.7223879,27.19625875,433.3275792,7.077618405,532.3906971,0.439408681,236.5980352,123.2305954,7.014845736,38.50318571,521.5781049,159.4268855,91.20868774,49.71595367
E07000095,Broxbourne,2.171563627,204.4501904,197.6627915,85.09499328,284.5960387,228.1959861,63.70256649,6.080378155,100.5484461,55.87483713,418.8592726,383.5082368,33.87639258,454.94763,9.89829002,501.2776874,1.373640248,187.1180826,141.1213349,14.1707152,58.71302029,353.0962457,212.8738372,167.2305999,69.1365257
E07000096,Dacorum,2.005403628,211.9021673,201.8364597,81.70568928,289.8678755,214.6878083,82.98888968,2.811434025,99.93487274,42.02964902,410.5338501,387.6361385,30.84839535,441.3306595,8.066752213,519.754193,0.915650531,220.5105719,129.9901342,10.78791083,46.69172884,429.3820649,194.0534301,117.1452338,57.58281156
E07000098,Hertsmere,2.949168576,212.9244067,200.6454784,86.23072143,286.1899153,214.0094781,84.83960418,5.017296225,93.13066301,48.93950495,421.2024818,378.1427657,29.72353863,426.5165497,9.097906832,534.671279,0.704832741,205.3381806,131.2009052,10.63740993,47.95644876,434.7241414,179.1480798,127.7787567,57.69426952
E07000099,North Hertfordshire,2.237069289,209.7815479,191.1793409,94.12956985,299.9174236,204.9921177,81.60048044,1.936791532,101.5389235,32.12971999,420.5615194,388.2741536,30.6958937,455.5213573,7.927332783,505.8554163,0.623076346,234.4493657,134.3592823,9.466256287,46.98596201,460.8137527,182.7565498,109.9917424,55.24360033
E07000102,Three Rivers,2.442145676,214.5462301,200.1493015,86.10429775,298.42167,200.7785006,94.40119441,3.33795457,96.37410686,37.08008958,414.759518,385.1125093,27.57811667,428.1220006,7.571718033,536.738829,0.863815719,217.4896022,123.557641,8.68081476,42.49760051,463.9223632,174.6507412,106.8785326,54.40972593
E07000103,Watford,2.317916418,240.8579225,208.1528064,58.68142831,236.2612106,256.0466322,64.69627471,9.027159721,95.62138742,68.78441421,405.8700989,385.9868749,28.90060344,438.9175233,8.352323296,523.8197698,1.046485471,196.1035532,128.267822,12.3622209,49.79119192,439.4554363,170.4499888,125.5880368,56.34395141
E07000105,Ashford,2.613995043,188.2453087,195.6955713,91.18850144,305.7394894,219.1311291,80.55925934,1.958613001,101.0568977,39.29279004,417.5084936,386.8110014,35.76728664,469.5398013,10.05672445,484.6361876,0.790978327,201.7672716,136.2366005,11.51061794,53.34207176,379.5189345,214.7694487,141.8412469,68.1521993
E07000106,Canterbury,2.86478349,162.3589046,156.6102815,103.7547085,299.4302193,277.8458861,64.31470695,2.026310273,78.74660958,32.62423061,444.7211124,398.7003665,39.53528257,478.6856297,11.50995052,470.2691372,0.997274962,191.6419465,141.6130446,13.28853007,57.67044191,461.9415737,180.6719219,136.918865,63.86370999
E07000107,Dartford,2.441050765,224.4910195,223.1634305,63.69001225,247.4026363,241.2529014,68.81193631,5.438832407,113.7015751,62.3966836,401.9339974,374.8854419,29.03565647,438.840972,8.556525314,523.5668462,0.84794395,204.2431458,125.7526573,10.9804459,49.56617817,381.5662124,204.3459269,126.0524355,64.8891249
E07000108,Dover,2.912045906,169.182136,174.1987579,110.3399105,344.7037702,201.5754254,54.5901231,1.889823302,99.66240884,38.95613033,427.3577693,398.4262926,48.19908429,496.0528463,13.71839915,442.0038999,1.090943451,196.0348071,151.8644825,16.47582315,68.73802754,370.8262823,220.3018563,160.6865213,73.95222183
E07000109,Gravesham,2.7595884,199.1580917,209.0271282,81.43124415,281.0851263,229.2984097,62.73152479,5.341440599,121.7680075,47.0626754,408.4097287,382.5537886,38.24134705,464.9859682,10.21515435,486.5575304,1.328344247,176.1927035,137.8484565,15.21047708,59.72871843,341.7586529,214.5182413,160.767072,73.91955098
E07000110,Maidstone,2.264168117,199.1443948,191.4075389,89.2639747,296.998555,223.1855366,77.60180223,2.030924668,95.37950416,41.88711017,412.8579718,395.7401782,33.17745844,459.6545721,9.426448669,497.7415207,0.88746288,208.8040869,135.1958676,11.01933076,49.19161234,383.6399631,211.7167856,141.0041984,72.22013631
E07000111,Sevenoaks,2.281949366,194.0403781,198.3885288,104.446897,317.8133116,185.3108845,102.9366614,1.858751483,88.79687331,31.42451726,419.9699612,381.6498079,30.37067156,434.3006033,9.185883446,526.1760337,0.53936985,222.3614442,129.1085461,9.899511248,44.80088955,424.6417339,193.6835642,125.1918912,58.09428185
E07000112,Folkestone and Hythe,3.316356745,171.3390246,165.8451699,116.0451535,351.9711368,194.7995153,65.21560874,1.995280569,82.26204685,39.90561138,431.0717117,403.1013402,50.28289252,503.2206926,14.6047249,431.89169,1.448628358,195.6377154,156.1785366,17.48375987,69.65260252,372.2792664,220.856604,161.7726109,79.24634882
E07000113,Swale,2.643775919,188.6508831,195.6591968,85.28649696,304.6671545,225.7362685,63.77367696,1.964701306,118.1853544,36.97989807,408.137028,396.2103681,44.09369911,488.3799126,12.83648806,454.6964932,1.107616844,176.7637809,140.4233997,17.63616105,62.90340658,329.2391068,224.2067024,176.8494894,74.04550459
E07000114,Thanet,3.186638878,176.5597104,179.0350459,110.2733539,330.6778009,203.4540889,59.74236594,2.32596186,89.10496703,51.19250002,432.863636,388.1084311,55.64525881,507.9417016,16.74408018,419.6689594,1.820936502,182.0651981,159.9152126,20.69892664,77.93039186,353.3043596,213.2345096,177.7546999,76.67138498
E07000115,Tonbridge and Malling,1.84567439,200.089258,201.7760834,91.78447969,303.4092027,202.9409762,93.84195278,1.210278288,98.93268583,34.96947829,415.5112291,382.7202517,31.49749245,446.3733255,8.547590412,513.5815917,0.476547076,218.4779238,129.7342683,9.939410443,46.62597106,399.3161928,210.6186791,123.4786424,64.81040234
E07000116,Tunbridge Wells,1.812458266,204.1053481,198.6679733,95.76543842,304.8745588,196.5866815,98.20228422,2.705679325,81.40452508,41.59114757,417.897375,383.4086356,29.61504774,434.4523167,8.368527399,527.546764,0.901893108,231.0580767,129.9853442,10.30239435,45.94451623,454.3720136,185.5124747,108.0016997,53.41115052
E07000117,Burnley,3.064049194,187.4141538,205.4709127,77.63666716,293.8106206,235.6676458,54.40272172,0.475455909,122.5302707,55.32193648,405.6695476,388.8595398,53.59972952,479.449739,16.33455191,450.6054139,1.500327536,172.2735245,144.4223739,25.78027598,77.29856518,326.5748156,198.4552966,193.8486571,75.65031803
E07000118,Chorley,1.919646649,196.8911917,181.4575724,91.05580566,325.6009513,204.9944789,85.12698548,0.54361675,95.89739234,24.60715196,413.1912002,405.3682154,40.2191455,461.2842946,11.53486792,486.97868,0.390724539,223.7322688,138.6647414,11.94258048,51.09148051,423.6643167,190.9029134,130.9946488,72.99753674
E07000119,Fylde,3.121390125,164.8560965,149.027945,136.050827,375.8694423,174.195689,77.18681643,0.626735812,75.2451643,18.71605181,436.7734166,414.2232163,44.74402143,482.1687517,13.14916312,459.9380638,0.786492,234.8170177,156.7331089,12.65760562,57.11898149,441.4555018,196.7581783,136.6161182,76.14225674
E07000120,Hyndburn,2.565848676,182.2360581,201.8872972,81.68154291,297.8330131,236.3620887,58.89291534,0.571539752,113.3229564,58.27273391,408.1037041,390.0211591,53.3477637,490.7824014,16.6232945,439.2465404,1.216042026,179.5607656,144.0644989,24.13843422,74.08128025,340.9903446,196.585354,181.8104434,78.72656079
E07000121,Lancaster,1.993955167,168.1009151,162.9726024,95.62589203,306.2085467,267.0920438,62.57521059,0.867545406,93.76486721,25.37570313,430.7362942,406.2980998,43.47521899,479.0809616,12.52343772,464.9343744,0.867545406,203.0755884,142.1235273,14.91618392,58.65026726,459.8270506,177.0422299,132.1257661,68.05334005
E07000122,Pendle,2.715206199,190.7327924,214.4490742,78.23971093,289.4305377,227.1478847,67.74439467,1.148741084,124.5026473,51.42182817,400.6704471,384.9013649,44.75912988,474.5031695,13.41938448,467.3496455,1.08608248,168.9693704,139.2378625,20.87575843,67.35799994,330.0646428,185.3232662,194.6489552,75.51406164
E07000123,Preston,2.103682459,189.859033,197.286182,67.11491112,259.3076111,286.4322628,65.46443356,1.697827322,121.6956628,34.45033686,404.9419627,397.7515625,43.14916529,460.0300333,12.59503774,484.2189994,1.075516112,187.9447496,135.5015017,18.26348115,60.41153711,401.1607457,178.4815606,156.1121784,66.95256906
E07000124,Ribble Valley,2.355502128,171.366841,164.056662,114.3799344,365.703889,184.4926736,91.08483057,0.454855583,75.27859904,19.73748335,429.4486501,406.592157,30.1341824,436.6776049,7.553851652,525.6830956,0.438610741,254.6054128,132.4929335,7.082751226,39.88108775,476.2825303,175.5255206,110.4974171,73.6866045
E07000125,Rossendale,2.342283868,190.0495266,191.4887613,81.41552962,326.8332604,210.2129221,78.6358313,0.493855032,99.47651367,39.59306345,416.3339024,392.1773363,48.39779317,468.8659677,12.75556998,470.0088894,0.818388339,206.9393687,142.103258,17.9198826,63.43920645,396.861904,191.5875323,150.5834544,69.4501277
E07000126,South Ribble,2.026388076,186.4367091,175.944522,98.84270725,332.6878912,206.0881704,76.9397037,0.666456523,102.6973477,20.84027559,425.3073355,398.775161,38.88863872,471.5450083,10.69032287,478.8760301,0.495339307,229.3060747,144.4859729,10.42914396,52.87521953,420.2008376,195.1456748,129.2925654,79.41640023
E07000127,West Lancashire,2.222581771,165.8080064,162.6146418,102.3324335,330.1683542,239.0765641,74.47777844,0.485391421,96.91648713,16.52885524,440.4373632,396.9309637,43.5489777,462.5865402,13.06299018,480.7929763,0.570547811,201.3011896,140.014136,13.34400627,58.0596265,426.9315598,191.7551583,148.8959474,69.77714573
E07000128,Wyre,3.037205771,157.3272589,157.1753986,134.1908973,367.3768368,183.9296083,66.52373934,0.473446782,95.70771361,17.19594444,437.572022,405.2615123,52.722319,487.5340569,16.47237483,443.2801822,0.786100317,208.7275001,158.1758899,16.19545312,69.61454286,385.912725,208.6381705,166.9837867,81.29885211
E07000129,Blaby,2.020908632,192.4235358,187.1186507,96.40122809,310.7341339,213.3224515,86.75333256,0.699545296,104.2711127,21.48187012,419.5231433,393.3582061,32.33453811,467.6460301,9.647895535,490.3909681,0.252613579,221.8335859,135.9352532,7.996191365,47.63709145,398.0995686,196.7956939,140.5211612,77.48435739
E07000130,Charnwood,1.755711498,181.1535514,167.8036212,86.80172418,289.197754,275.0433492,73.51158607,0.918623044,92.62329389,24.26469389,418.1202472,414.0870028,32.89105348,467.252991,9.262329389,490.5936262,0.418544227,212.3758636,129.8193737,10.2461801,48.20868506,454.5825157,178.4411674,131.1184915,68.0542042
E07000131,Harborough,1.546719112,187.8085756,176.1518448,103.1385082,337.9632475,194.9378239,111.4764509,0.327781534,73.38209084,19.72835105,419.9700899,403.8678221,29.19304284,447.9646815,7.805297769,515.047221,0.286808842,239.5878147,127.7528527,6.401983078,39.92788806,453.6393993,189.2938357,112.0295823,68.87509475
E07000132,Hinckley and Bosworth,1.821541711,186.7740232,173.5480465,102.375924,333.2013376,204.1006688,77.23512848,0.800774375,94.9313622,24.93840197,422.9144667,403.5462865,36.64202746,487.1612108,10.57726153,465.6195002,0.466385076,223.6976417,146.5769095,10.55966209,53.80147835,391.8514608,207.7613516,151.4167547,75.42238648
E07000133,Melton,1.758386149,173.1334055,170.1576751,106.0248879,362.6526511,188.0313804,76.44149018,0.32848972,95.49389396,22.33730097,428.3312722,401.4917298,31.34178389,481.9717112,8.482763951,478.2037409,0.483073118,231.6625444,147.3759468,8.482763951,48.63580151,410.7474107,204.7457103,135.9174525,78.43175143
E07000134,North West Leicestershire,2.015204768,190.7185972,177.0610483,88.70721271,323.3496333,220.1635086,85.14478912,0.735406479,95.84161064,20.87790342,420.8148686,402.1240831,37.40067237,482.2547372,10.65861858,469.7050733,0.496638142,221.366901,142.4014364,11.08840159,54.17176039,401.0448502,197.7288356,151.0257488,73.13951711
E07000135,Oadby and Wigston,2.78802362,181.5851906,182.4683533,108.4904844,300.3272897,227.128682,75.01688399,1.056331931,105.7197777,28.41706063,426.0134726,391.5181741,37.57770966,491.8870244,10.45941781,460.0758481,0.640725925,192.3736298,135.5741424,9.506987376,53.52659013,413.0777356,183.8363898,151.8866781,68.73084316
E07000136,Boston,2.226887181,191.3704576,183.2288446,96.03982866,308.0763666,221.2845026,51.19003716,2.127599217,115.1173016,41.04848089,418.8533659,397.9319736,45.28949533,520.0703526,12.70885932,421.9312927,1.177271567,170.4065133,161.0025248,16.75129784,67.72857508,271.1979802,221.1426626,225.8233809,98.60713171
E07000137,East Lindsey,2.241805813,143.1171642,146.7223253,140.3834261,399.160904,170.6161804,56.26300107,0.808174509,83.64957553,27.79417552,439.2814977,413.996177,63.03058413,539.3124192,18.63017934,379.0268173,1.229830775,181.0100073,168.0019115,20.75954349,84.06420419,324.6823523,227.2024512,215.2695789,86.12329229
E07000138,Lincoln,1.579794049,173.1512075,161.312385,66.31281849,242.0552735,357.1683155,42.10536456,1.319706004,94.54682066,43.82965196,427.4209862,411.2955274,42.97232471,507.2391172,11.58836732,438.2194565,1.175212646,184.8840682,141.1025807,17.96534086,64.32844304,435.3681209,188.9009835,145.7937983,68.643978
E07000139,North Kesteven,1.651478709,177.3434059,169.8905789,112.8086995,338.2143704,201.7429452,87.50296419,0.21172804,89.94207121,18.19167316,425.6241743,404.4598394,38.18726922,488.642908,10.33232833,462.8205563,0.304888377,225.7105593,145.3131881,8.994207121,51.50919747,414.4788103,205.8928148,134.5489346,75.18039229
E07000140,South Holland,1.860768277,177.7822165,169.508631,114.1060953,337.5875192,201.0155379,62.40407056,1.156409663,99.03071845,29.28870293,426.305166,404.1756902,44.86869494,529.1520363,11.92153235,414.0577364,0.578204832,188.4632367,159.8473539,12.54178844,66.47253001,300.0462564,234.0993671,203.9381005,92.3971321
E07000141,South Kesteven,1.889752798,182.022942,177.0789024,107.541578,342.33116,191.0254175,83.33042781,0.606673407,94.63407831,23.87643388,428.2626129,394.6445382,38.04609323,492.270144,9.630068687,460.0467208,0.418395453,226.561138,147.7005683,10.07635717,53.51277849,396.0112967,211.8405913,139.2071406,75.87601548
E07000142,West Lindsey,1.692011813,166.741984,168.5285803,115.5402352,364.3080092,184.8811913,83.64423612,0.420375606,88.90944059,20.36719809,427.795235,403.6656753,44.42319212,505.8064381,11.60236671,438.1680031,0.567507068,219.162822,151.9657814,13.37845365,59.95607075,394.2492617,208.1910187,150.5575231,78.47361618
E07000143,Breckland,2.08515932,170.389324,166.9823857,118.8682179,341.9590602,201.8010122,66.99369504,1.067318839,93.45047923,27.87751986,423.5276655,409.4758122,43.18046877,519.8549577,11.40122706,425.5704148,0.586671944,194.0753202,157.3553111,12.53216093,62.10240606,333.0458876,230.2722723,185.3883344,84.31111991
E07000144,Broadland,2.345849592,179.0892941,161.0588968,126.5316348,349.4860388,183.8341355,81.07225824,0.561789223,82.78040115,21.84904572,434.118826,404.8146855,36.51629948,503.3403684,9.390990116,450.7447503,0.318853343,223.5769272,151.5768057,8.882343117,54.13674253,382.2596074,224.8447488,147.3937535,84.43540183
E07000145,Great Yarmouth,2.07518797,169.273183,170.716792,111.9197995,339.6390977,208.4511278,51.23809524,2.355889724,100.7919799,42.26566416,427.037594,402.2155388,56.2406015,525.6441103,16.23057644,401.8646617,1.764411028,170.3759398,164.1704261,24.77192982,85.47368421,283.7092732,237.3834586,219.8095238,88.36090226
E07000146,King's Lynn and West Norfolk,2.520654463,166.7260651,164.8015552,125.3329013,344.960311,198.1791673,61.80463308,0.939575571,95.28592257,28.70565365,430.9930342,404.1859712,46.04568281,523.2463956,13.32253361,417.385388,0.881257087,192.2047627,160.7775798,15.09800745,68.19374696,331.8192127,227.4291268,195.2762028,80.67390248
E07000147,North Norfolk,1.796465333,141.8819188,134.346475,162.2256749,403.3404545,158.2054768,47.66945038,1.019615459,76.41289571,27.694698,447.3781317,418.2753933,46.81491552,546.2128569,13.50747718,393.4744611,0.796271121,208.5841911,176.8595844,13.7211109,69.78053991,367.226646,232.1907166,178.0151486,88.24043504
E07000148,Norwich,1.389641611,191.8956101,160.9135504,69.7669571,235.6345798,341.7893025,34.96338294,1.910757216,99.1717736,44.3295674,427.599672,411.4867776,44.34346382,504.2245105,12.0759856,439.3490919,1.403538028,201.3729659,154.0278762,21.20593099,69.86423201,461.1664652,177.8741263,143.2512055,56.78770445
E07000149,South Norfolk,1.52872883,183.5390425,174.2116832,117.1273988,336.3626117,188.759264,89.15941049,0.535407332,81.75529067,24.29763012,427.2761856,398.519176,34.3576521,486.3823372,9.066700482,470.1933102,0.429734832,223.4480232,149.5477217,8.883534816,50.11694423,407.5436075,206.9560684,140.8684871,70.42015386
E07000170,Ashfield,2.992945201,186.1406051,185.7051236,91.55403533,314.362178,222.2380579,55.51200741,0.680934622,125.1177779,28.39339018,420.1604155,394.1582144,55.00526537,505.0634615,15.90694949,424.0480772,0.973894867,186.2039478,148.2378837,20.04798214,76.11423866,321.2902919,225.1597425,192.253181,75.6233323
E07000171,Bassetlaw,1.816561266,177.4118246,173.481601,101.8802258,340.2402275,206.9861211,70.24319851,0.882814821,105.8444039,19.7105386,419.3964603,407.0879844,47.68897755,499.1299181,14.49004711,438.6825687,0.619668096,204.5414032,149.8408387,16.23021094,65.59993209,354.9000467,212.5801112,178.3710369,80.65871567
E07000172,Broxtowe,2.352644246,182.3614779,165.8569124,103.1828302,318.5354114,230.0633682,64.90954489,0.748158898,95.1513895,26.50105013,429.1908166,404.9883269,40.22030125,485.6993483,11.39364876,462.6957157,0.459712094,218.047756,147.2701214,12.47532428,57.67133289,436.3749448,182.4786594,144.9355051,70.35397831
E07000173,Gedling,2.473136619,190.1074535,177.4347604,100.2558417,325.8655978,206.3363466,68.71908579,0.903974075,106.9844789,25.84001364,428.7736654,393.8171585,41.27579737,486.3806925,12.05867303,460.3104213,0.503155381,223.0172267,144.7552448,12.46801979,58.88623572,412.655637,193.2798908,144.9940304,71.66979362
E07000174,Mansfield,2.670118209,189.8861353,183.8489528,87.61608226,314.5580276,224.0908021,54.74194891,1.28527724,121.1419055,29.59758151,417.2534893,398.897558,56.5612498,500.5883311,16.32845169,426.5219674,0.950381058,184.7359751,150.630872,21.99453305,76.41968828,323.6273782,215.039554,198.3128473,79.17126772
E07000175,Newark and Sherwood,1.813671668,177.804888,170.6965963,103.7290065,338.1155707,209.6539384,71.09918263,0.723842056,103.8672685,19.20214713,423.764792,405.5223456,45.16286446,495.1242324,12.77703225,446.9440039,0.797039567,213.0860884,145.1018665,14.17591802,60.56687406,390.2403318,207.3116181,158.1716888,73.57976495
E07000176,Rushcliffe,1.70477926,194.1768771,179.3293415,104.3442478,318.1218875,204.027646,118.1588384,0.285529531,73.48186468,15.01549418,423.2219488,397.4487097,30.4760785,430.2678099,8.213172989,531.0429386,0.176356475,244.5812374,127.9088321,6.332037253,39.90695096,511.2322279,156.6129479,98.48249452,54.35138608
E07000177,Cherwell,1.434675676,207.9596552,188.9797034,80.41015576,291.1211587,231.529327,79.41644101,1.490572131,98.99262167,31.97898293,412.3357265,398.7032022,29.18416019,455.0219859,8.049089509,507.7820287,0.590018135,221.4307008,133.2571485,9.502397337,44.46873525,415.0125456,198.0970362,130.1207363,67.81482126
E07000178,Oxford,1.079980252,181.7143915,156.2700568,54.80745495,206.9735868,400.23451,57.05381387,2.29572945,78.48679338,36.11453962,433.4855591,410.2443841,26.04912367,418.7669711,7.368550975,547.8091829,0.901012096,177.931375,109.7321649,10.90471489,41.42804246,579.0236979,115.5764009,106.1713157,42.95852876
E07000179,South Oxfordshire,1.368374452,198.9643284,185.0927677,101.1121396,313.652889,201.1778753,95.50448746,0.892126481,84.81238513,29.15844971,416.7572209,398.1634268,25.69726728,433.3319918,6.781502797,534.2093613,0.301847306,241.9809233,127.5003018,6.412578313,36.30887699,483.3246133,172.7975208,101.3469098,57.45831153
E07000180,Vale of White Horse,1.346166306,199.7437245,190.6661004,95.26826143,299.7703599,214.5515539,96.36967023,0.849452535,84.68609849,29.0253612,412.373212,396.9750851,25.80751981,444.0837071,6.572459021,523.5363141,0.352738765,240.6830174,128.231339,6.838812782,37.80783656,481.3876311,168.0044344,101.4447892,58.48984616
E07000181,West Oxfordshire,1.566931615,187.6991491,178.8140341,105.5709234,321.9212858,205.9946077,83.63388074,0.875380791,88.86865787,28.8963199,421.5571274,399.6375924,27.99467768,451.696488,7.69459715,512.622991,0.350152316,237.8059456,133.7231696,7.388213873,40.75772961,455.3643335,188.3206695,114.3072236,63.19373928
E07000192,Cannock Chase,2.636317512,184.2338264,179.4785066,88.45093962,318.6959679,229.1407595,58.11836568,1.134113949,111.7699141,31.65570688,419.0948975,401.426596,49.29416329,502.6014982,14.77332644,433.3409604,0.646643918,197.0174793,146.2310608,17.74788846,70.68315443,340.920622,227.8673684,180.4037048,71.32979835
E07000193,East Riding of Yorkshire,6.031188015,190.0953057,189.5712051,86.25082647,303.4300366,230.6526261,79.58265469,1.064327297,103.0865492,32.67968586,407.5083453,402.8881973,37.38852784,486.2685653,10.94160713,465.3771105,0.757930045,204.1412008,140.3621938,12.85255842,55.46596572,370.1359436,204.4234088,163.1242844,72.72096886
E07000194,Lichfield,2.640084182,178.9432147,167.6124619,116.6428652,336.7563606,200.0450975,80.94065918,0.450975234,88.59784284,23.71378105,424.6495547,407.7379834,39.10331091,478.9732797,10.8140103,471.1093991,0.563719042,222.9602766,140.6291105,10.41940697,54.13581871,423.0711413,201.2195122,141.9632455,66.13363899
E07000195,Newcastle-under-Lyme,2.838628051,175.1433507,163.1481196,102.328486,321.4705715,237.9094721,53.27699333,0.519063415,100.7550751,32.93619575,430.2224673,406.6375234,48.43510491,497.960243,14.12014696,439.4926155,0.648829269,202.6212702,147.795197,15.79088233,66.42389638,398.5271576,194.9975263,167.7953592,75.53183724
E07000196,South Staffordshire,2.272089508,170.7235383,154.773651,122.6837813,355.9757764,195.843253,72.5529777,0.353033828,82.00342171,22.89288592,422.9978908,422.2375103,41.07865413,496.8634302,12.0122023,450.0547655,0.31682523,209.9465018,140.4440985,10.89878792,55.8879706,397.1358999,208.4257407,163.0382634,76.6173928
E07000197,Stafford,2.338036196,183.3239568,169.8875551,110.4502912,334.2149678,202.1232291,78.40458255,0.723329948,90.89846347,23.60685921,422.5854297,407.4977898,38.01500727,483.1624862,10.98146376,467.8410428,0.577202686,232.4592488,143.4823588,10.52116288,51.69251901,435.5761433,194.7730278,130.8569633,68.90631051
E07000198,Staffordshire Moorlands,2.796181334,166.8318639,156.3983515,122.9589441,371.1617716,182.6490688,63.44618916,0.490375085,94.35025301,22.48421931,430.7371277,412.8645208,43.23647556,497.0107987,13.1670927,446.6065001,0.239970786,217.9769419,150.9624915,11.9881058,60.74390944,390.5785383,201.1685534,169.2628723,82.62298503
E07000199,Tamworth,2.454003331,190.585782,188.8946813,80.6769489,307.220873,232.6217148,61.55352397,1.118923799,120.3987438,32.46150521,416.6338195,394.4842143,43.66345824,487.6854807,13.47794576,455.1731153,0.508601727,191.1325289,144.7099063,15.46149249,66.43610055,326.5350236,241.6112503,176.726385,66.23265986
E07000200,Babergh,2.209107153,168.9858682,162.0228491,127.2943852,360.0194921,181.6774054,73.97260274,0.606421571,84.24928258,26.50928583,435.3565434,402.5989496,34.92338513,492.5767502,9.247928962,463.176133,0.400671395,222.8057827,151.3454979,10.10341654,50.65785912,392.3006118,225.0690346,146.0934539,74.44907683
E07000202,Ipswich,2.284412999,204.0861632,199.1521176,76.96824738,268.4507526,251.3427192,46.1036078,3.014852265,130.6125664,46.15373598,405.7590123,395.0745478,39.83042351,493.1324387,10.67014222,456.3669956,1.117142407,192.5996477,147.5558929,18.03898541,66.82803168,340.4133427,211.5194569,173.6655161,75.24956675
E07000203,Mid Suffolk,1.723550319,169.8232631,159.598812,116.2958275,360.2025415,194.079556,80.39339793,0.447928331,80.11100833,23.12673451,429.378256,411.0326696,33.63357515,488.475583,8.530113443,469.3996787,0.399240469,225.2690004,147.2223575,8.802765471,50.09981012,404.9272116,213.5644384,147.8650372,74.04450071
E07000207,Elmbridge,1.91706185,228.6276432,216.0658431,88.4082621,292.2942762,174.6039754,135.5420384,2.421551811,72.10602938,35.57374923,411.4115629,372.5298009,21.89486429,382.2448362,6.760165473,589.107341,0.38917797,247.8415037,112.6165732,6.313331508,33.45489139,515.2139758,140.464419,84.70386439,43.5518976
E07000208,Epsom and Ewell,2.705841653,221.6442621,201.7767125,87.30354848,287.4369872,201.8384897,102.3895424,2.990016803,82.69496886,41.30424039,417.8980923,380.3375507,23.96955619,426.7198774,6.622516556,542.7127607,0.679549274,222.8798063,118.2909954,7.363843036,37.77058417,478.7980627,164.1173273,101.8829693,53.44963922
E07000209,Guildford,1.531500174,190.9014967,169.1193874,84.4413505,279.8259659,275.7117995,85.68047337,2.7984685,73.60946746,32.4469196,425.1305256,405.7709711,24.58057779,420.515141,7.246780369,547.6575009,0.61260007,224.0375914,119.0602158,7.476505395,36.97876784,530.2749739,154.3612948,94.25687435,51.99443091
E07000210,Mole Valley,2.734991875,187.5128739,172.1900533,119.3555032,343.270089,177.6714806,97.70443778,2.391687456,68.3633534,31.046163,428.5583503,399.2744833,28.6201451,437.3355,8.193532145,525.8508228,0.984139336,241.0340329,131.7144623,9.086123635,42.20355663,485.1578056,184.1599341,101.8584213,56.63378573
E07000211,Reigate and Banstead,2.645081739,216.8967026,203.6315182,85.12655291,286.7825464,207.5626798,94.17551675,4.34217679,86.94960423,43.46154356,410.5180117,385.8438407,26.37789534,428.0657094,7.557376397,537.9990189,0.649669199,226.3765695,122.3366877,8.154011376,39.23869377,450.5919945,185.9114594,104.5105604,55.35446747
E07000212,Runnymede,1.75978383,197.2660907,174.4002543,86.04775259,273.2660453,269.0198572,75.53446338,3.031369566,77.86191941,40.84969175,430.9767368,394.6230089,28.2360154,440.4000954,7.652221301,523.7116679,0.567672203,211.20812,128.3620386,8.776212264,46.61724134,467.2169303,177.9425289,119.5290591,60.89987398
E07000213,Spelthorne,1.981448206,213.2679326,190.3161575,90.48613472,288.6600942,217.2696809,60.29818853,5.497547472,101.2578311,49.15739886,415.7641688,393.9099607,29.83827886,457.2288864,8.712544315,504.2300034,0.864455345,206.7213831,136.2537031,11.1213637,51.09028216,400.3982322,206.4882716,136.0982954,66.70875625
E07000214,Surrey Heath,2.520673949,204.0750896,184.2855879,97.44394817,311.3032327,202.8921417,103.4581878,1.934727811,78.18511476,28.88825012,419.006766,396.7518684,24.86401627,429.6643524,7.407243621,538.0754433,0.4422235,230.5863884,123.7341352,6.920797771,36.40604962,456.662097,194.9431743,106.6090302,57.51116614
E07000215,Tandridge,2.389785375,195.6779025,193.9822928,102.1007351,318.296652,189.9424176,95.84177345,2.219086419,78.32806063,39.88665589,421.9450577,384.0612695,29.24642101,439.7205089,8.534947766,522.5322621,0.568996518,226.8930514,128.274575,8.64874707,40.99050914,441.347839,197.8856089,111.3753784,55.38612104
E07000216,Waverley,2.339600864,198.8192814,191.8004788,112.0980761,312.8748236,184.4073401,108.7524468,1.536337901,75.6236986,27.66967955,422.1185866,386.0809346,25.23649465,421.518089,6.784842506,546.4761712,0.35094013,243.5368526,122.4547092,6.738050489,35.94406794,500.0272953,165.1368277,92.48442216,50.55877467
E07000217,Woking,1.789459506,228.1079833,201.6605415,79.57322353,272.1613977,218.496854,95.62063458,3.444228512,90.22339382,40.47449539,406.1784457,392.1802544,26.70720209,432.9241308,7.388736026,532.9799311,0.731177003,224.0865098,123.6362587,8.937676781,41.26339689,473.8219392,166.6987358,105.7609051,52.05787843
E07000218,North Warwickshire,2.306450373,177.7043131,171.246252,101.0686553,342.6001384,207.3806412,62.95071884,0.768816791,103.8056431,27.76966249,423.7410625,405.0280618,44.03782579,488.2447913,12.76235873,454.9396479,0.538171754,200.3844084,148.1356193,13.63880987,61.38233259,351.6414238,222.6800953,183.8087184,70.62351042
E07000219,Nuneaton and Bedworth,2.041774406,189.1622018,190.8313897,87.67707177,301.7280565,230.6012802,60.17273113,1.132663174,120.2858484,34.81448915,415.7320954,393.4141598,45.26926831,498.2004069,13.46527866,443.0650462,1.117759711,189.9669888,145.8974493,17.4146963,67.26677944,335.4545929,217.4042639,183.0741373,73.22816456
E07000220,Rugby,1.512740246,205.6452318,193.9105647,89.81130096,284.1765621,226.4563404,85.99884577,1.189206205,97.61109459,32.9742397,407.0670328,399.0398909,33.98856263,468.9319879,8.779139924,488.3090537,0.384743184,219.4435214,135.8755531,9.671044578,45.74071807,413.8874801,191.4359665,126.3619034,74.43906193
E07000221,Stratford-on-Avon,2.00408239,177.3167564,163.9339395,123.8968269,352.6962331,182.1562442,92.46242346,0.556689553,72.25088143,23.73724253,434.1362034,401.9150121,31.73130451,462.9430321,8.929300427,496.396363,0.222675821,249.4266098,140.2857673,8.224160327,43.21395435,467.5227315,185.5631843,120.4676192,62.51252551
E07000222,Warwick,1.630145568,195.1526746,169.7574316,92.41982311,282.9582427,259.711828,83.12395169,0.700558426,80.11963382,30.26547123,419.6883862,410.5339737,29.59185736,441.2238217,8.265242198,520.9190788,0.747711397,242.1911312,127.427536,9.471011027,41.96614417,522.1652644,149.912767,104.7334847,53.43105225
E07000223,Adur,1.347855051,194.6798457,179.6210513,118.0844966,321.6725797,185.9420267,59.615474,2.137976978,102.1271322,37.64698592,429.6868948,390.6610687,43.37924303,490.8206423,12.25463616,453.4990007,1.425317985,194.9587123,152.9428169,14.50106124,64.97590903,369.3277767,217.1131114,160.0848994,73.82217609
E07000224,Arun,1.940699501,163.9951725,153.6488183,143.1326529,349.7565029,189.4668535,53.76344086,3.056601714,85.27554901,34.25941088,443.5468709,402.8043108,43.11991704,513.8123222,11.1711515,431.8966092,1.170484386,202.3846345,160.7748243,12.57815864,63.77017266,368.8663283,227.2134588,166.9850627,83.27420265
E07000225,Chichester,2.32130767,161.8225489,156.0273398,135.9657607,350.0419125,196.142438,65.87516523,0.870490376,76.11148725,33.82016314,443.6841087,400.2643712,33.67508141,466.5828417,9.373891737,490.3681852,0.548086533,233.2350002,145.1784505,9.543153754,47.69158848,464.092272,190.4036496,125.2216526,64.25508592
E07000226,Crawley,1.687863418,224.443638,210.3415392,58.35787768,251.1962732,255.6606719,50.21393669,5.350527035,129.0624763,53.81752509,401.0447875,388.6052341,33.54628543,465.8925,9.798047142,490.7631674,1.004278734,176.668664,133.4424818,14.41435359,58.49290675,347.1175512,233.5918577,140.7846877,68.14748551
E07000227,Horsham,1.532927278,185.3956315,177.9217594,110.4661462,334.9616428,191.2548202,85.88480562,1.021951519,80.65241385,31.55104988,425.7722547,396.2923599,27.70851217,449.9652536,7.596506288,514.7297279,0.599544891,240.9897941,134.9112265,7.296733843,41.13014212,453.0106692,205.8414749,102.7061276,60.52678194
E07000228,Mid Sussex,2.090898365,206.1337388,191.7203047,100.8481575,308.4435589,192.8542401,98.46230484,1.507544276,83.75391634,33.12009229,420.4409895,387.8387059,27.39797858,435.804832,7.577048622,529.2201408,0.452263283,237.9232594,130.0093074,7.000249073,39.83849613,458.4638779,196.6952008,94.75898955,58.3616271
E07000229,Worthing,1.868185166,195.2702581,170.4988414,112.1180549,316.7831289,205.3297167,58.20115325,3.781278629,92.25062423,41.16294527,433.5716467,395.9474753,40.65099068,494.8894358,11.74801056,452.7295263,1.64364368,212.4521727,154.7180657,14.36167346,61.74890873,410.7672134,214.8862024,134.5183136,69.32942931
E07000234,Bromsgrove,2.490346128,185.8786284,182.3094684,113.4569432,329.4012079,188.9537522,99.11980884,0.846919331,87.61582126,20.22524021,422.9555468,394.7349848,33.56421967,449.2201284,10.54616214,506.6694897,0.332718309,227.7204763,133.2889709,8.751499753,45.9453737,435.2963714,189.3772118,128.2981963,64.71875221
E07000235,Malvern Hills,1.635487564,158.1893895,155.5726094,136.2361141,376.3382692,173.663618,73.88629587,0.503226943,76.10049442,25.01037906,437.4929234,406.9218866,38.94976537,485.3120636,11.17163813,464.5539522,0.415162228,231.2327802,146.4642017,9.196472379,51.68140702,462.9939487,190.7230113,123.0138262,67.6840238
E07000236,Redditch,1.976171054,200.2941278,192.8605076,76.63407516,297.5745947,232.6366947,65.06428301,2.964256581,116.306858,34.37618484,412.8818778,394.303572,40.7527833,483.0933971,11.07574939,465.0895596,1.114468559,195.9741259,143.7434654,15.3727725,61.75534543,347.7831267,220.5269024,167.8021991,71.02726427
E07000237,Worcester,1.684733427,192.9356721,175.8380345,81.11750775,288.8403258,261.2684599,60.0150182,1.761749812,104.5978782,33.82944721,424.1484876,399.9942238,37.37220094,478.1947359,10.57049887,473.8433102,1.039721201,215.6362516,142.4321774,14.95080578,56.46263743,429.1256715,186.7454801,143.144579,65.12698077
E07000238,Wychavon,1.871811128,174.5312925,164.3495456,117.3429339,353.2590647,190.5171633,79.22742505,1.169881955,80.38975938,28.75645322,429.4900824,406.1830148,36.44748362,479.5987682,9.691151164,474.262597,0.626452918,223.6059536,146.0465538,10.37798509,52.24466383,414.9986414,201.0083628,147.4428645,72.2005857
E07000239,Wyre Forest,2.450546206,171.2331463,167.7393957,119.7815176,345.3990749,195.8468655,56.46097825,1.308926287,104.6353705,27.88111406,428.9833678,403.2673949,47.41659286,505.4719024,14.01436866,433.0676115,1.043204409,204.6845783,155.1028442,17.02588328,68.18226553,358.8131089,213.9159532,181.2715284,78.23048913
E07000240,St Albans,2.159754328,223.6560591,216.4883744,84.36540344,284.5206358,190.9695272,128.5458779,2.746937536,81.60496743,35.81142645,406.1957952,377.3293288,23.75729761,394.4926265,6.445516822,575.3180576,0.398204704,241.4335369,115.1958965,7.316167786,33.793406,518.030574,142.3615564,79.52620389,43.60678973
E07000241,Welwyn Hatfield,2.052839762,198.4578667,186.5246925,76.99818082,260.5520971,277.4671629,68.57819984,3.004155749,104.753242,35.44069296,417.377372,396.0812457,30.57562962,445.0322947,7.894253718,516.5145117,0.634210658,198.6581438,128.3024851,10.34764758,47.66593788,458.5843751,179.6735484,116.6196572,58.61441661
E07000242,East Hertfordshire,1.531750524,204.8350038,193.1737205,85.13203024,305.9038993,210.9553461,95.40141853,2.197729013,83.24731111,36.82861044,416.6228231,390.2300956,26.07971763,427.0720256,7.026073058,539.8221837,0.266391396,236.0560754,127.9611069,7.465618861,41.2973261,446.9781226,191.8484233,111.5913556,56.42835736
E07000243,Stevenage,1.709630921,203.7813013,204.0271306,70.74296314,275.0941414,246.3544635,50.58496195,5.855206552,130.1889533,43.54530522,408.199524,387.8068676,36.85204429,476.428324,9.911389718,476.8305901,1.396757288,194.6297476,137.2733063,14.88384566,59.77003788,372.1073157,224.8332272,135.3513683,63.7033064
E07000244,East Suffolk,3.625161547,160.9620496,159.8769396,134.3463736,362.5567956,182.2578416,67.28494908,1.113558592,91.23865105,23.89680482,434.4138374,405.7010949,45.30639118,509.4449276,11.99310732,433.2474457,0.890034057,211.0274813,159.6859277,14.54128701,63.94020922,373.7370864,220.817856,162.9900267,82.57809134
E07000245,West Suffolk,1.000288972,184.920088,176.8344188,100.6679707,298.853002,238.7245204,71.39284682,1.200346767,93.17691778,33.49300909,413.5917043,409.5961055,34.17653989,479.3996043,9.380487696,477.0433681,0.589059062,215.923489,156.9731256,10.703092,53.41543112,367.2616534,204.5813235,172.3609043,78.96725721
E08000001,Bolton,2.297584495,193.3383565,215.1417576,76.56700331,282.4846349,232.4682477,65.80552299,1.62182435,123.2823022,55.16905829,402.2124387,382.6458037,47.19508858,458.4694708,14.28894828,480.0464923,1.15892865,173.2986894,136.9732027,21.09723175,68.83630724,344.1916726,193.0781888,177.221477,70.36014637
E08000002,Bury,2.67731402,195.6244745,201.0719573,82.79039056,297.0941599,223.4190177,74.85130332,1.351553513,112.302748,41.67633904,412.0071601,386.9208825,43.41478765,462.3086804,12.16914022,482.1022332,0.876962203,197.6208531,139.6846031,16.8325157,61.25838918,390.1088981,194.6237058,148.0828059,66.1126329
E08000003,Manchester,1.654174299,197.2960682,206.5072644,39.62046393,197.4935545,359.0826489,45.31314262,3.857324296,132.1491402,53.03866202,401.8737646,391.6244064,45.14102153,431.9569081,14.60855134,508.2953308,1.36247434,169.4631815,127.7754526,23.52261218,66.92249297,442.7751718,145.2194725,156.0141828,49.48390849
E08000004,Oldham,2.594098014,190.5629358,227.4090413,70.86266151,269.3235518,241.8418096,70.8048313,2.998909487,120.0885628,67.04586762,399.3671723,373.2279171,48.42867057,468.0198936,14.3418922,469.2095436,1.206172962,157.504709,133.3192889,22.80162586,69.89194012,317.4548098,192.8761442,190.8727405,71.38726414
E08000005,Rochdale,2.681288627,194.067202,218.1943309,70.06207183,282.3173484,235.3590469,62.1880209,2.234407189,129.6894621,55.04685552,404.0389144,377.7667547,50.11328444,466.8391629,14.01420189,469.0333508,1.398738901,171.9644461,137.299853,22.7194523,69.80734941,338.3115926,192.0383603,181.6528357,69.8028806
E08000006,Salford,2.293246593,191.888057,196.3522931,60.28015397,232.666353,318.813143,59.81335418,2.789684466,108.8347418,48.16929272,402.3999437,401.2440585,45.96125562,442.3076211,13.63722247,498.0939009,1.100313793,198.0453685,137.7059384,22.09148535,67.53407453,406.0009706,175.0795597,158.6711766,63.89599997
E08000007,Stockport,2.21865639,200.4525516,189.454258,96.08749784,304.2035736,209.8021189,75.98050025,1.455357173,102.8011385,35.31531043,421.2258246,389.3165249,40.76696305,453.1351243,12.15172353,493.9461891,0.905781737,220.257622,138.140196,14.5671415,55.77512187,435.2637453,183.7719194,125.7951034,65.7149739
E08000008,Tameside,2.774039148,193.7932497,198.796041,76.63445435,300.6305421,230.1457128,49.40472842,1.692120604,119.3572538,54.93549602,413.1154494,388.0928373,51.15743646,480.8002735,14.91749289,453.1247971,1.350234344,185.9991085,147.3053737,22.25290062,73.81281078,337.822574,211.454488,174.9981607,76.92873619
E08000009,Trafford,2.003811922,217.8624304,208.0433266,84.25369705,284.7157225,205.1248234,93.37082858,1.331620237,115.0809183,29.06590882,411.7344247,380.2265031,35.76229941,422.5362898,10.7295407,530.9718701,0.578595375,220.7383898,126.3507649,12.26537107,49.63157089,459.906744,165.5676191,110.5712778,55.91103245
E08000010,Wigan,2.754076458,190.5505116,184.1192725,86.09904959,313.4060061,225.8251602,57.15847326,0.777335803,119.3149728,32.64506726,415.8108888,400.0728752,48.84158747,474.9248474,13.560866,462.6757356,0.765189931,202.2834239,142.5652081,19.37266572,69.54726262,354.477272,211.711657,171.7760301,77.91576838
E08000011,Knowsley,2.556319935,178.8970936,195.5746542,72.0299769,311.1979757,242.3002996,52.7572661,0.75071674,141.3612565,27.14876488,427.2807875,377.1575017,64.95641313,440.916651,21.18186113,472.9450747,1.313754296,174.4251516,138.3260311,31.42655596,82.11287932,329.9853092,201.2762185,210.9772908,62.18652722
E08000012,Liverpool,2.63326805,179.9859285,170.8744096,65.64037787,266.9701782,316.5291058,45.48353385,1.769226971,115.8802521,31.13428021,429.7267162,399.3947598,59.81838679,443.2818749,19.96963513,476.9301032,1.384522967,177.4658087,139.4006846,29.5954642,79.01244219,421.8557134,166.8339889,185.2524646,55.18342358
E08000013,St. Helens,2.744928976,186.8025125,178.3221553,93.55678401,320.3708656,220.9476826,45.17945724,0.594825563,127.7019542,29.94319143,422.4516636,399.2261811,57.79630772,473.3283492,17.30451249,451.5599164,0.747624791,195.3265265,147.7241101,22.7070566,75.59196058,365.9323209,205.6895884,175.9646816,74.096711
E08000014,Sefton,2.796947352,175.7922595,167.7559601,112.372105,340.1782741,203.9014013,63.60279766,0.992003094,108.9018848,19.54998156,434.0819316,398.1656896,53.55026089,466.3524727,16.50950998,463.5877565,0.984840617,199.3603908,149.8748357,19.56430651,70.96940548,394.2048397,202.7482425,164.3430397,70.95508052
E08000015,Wirral,2.798259832,179.1042445,181.4121843,101.0933826,332.3558162,206.0343724,74.44432993,0.708934132,114.2477022,19.9157399,427.7808488,390.8069669,55.71535202,462.4873907,16.94571189,464.8515454,0.930671239,204.6539808,149.4508103,20.7527194,71.59610117,403.930056,199.4322281,146.4526747,68.77597994
E08000016,Barnsley,2.931652029,183.4102023,183.1035442,86.42035883,321.9706262,225.0952685,54.53199876,0.699180609,123.3747117,28.57645192,418.9441146,397.95643,58.27322833,491.4421929,16.83348871,433.4510901,0.977217343,189.0568013,149.9844627,23.77622949,78.00974764,328.9419885,206.7530216,205.7839818,75.41746398
E08000017,Doncaster,2.593263357,184.339156,185.588726,87.60945908,312.3697688,230.0928901,52.78053657,0.905532512,131.00037,24.97517088,413.6466021,400.7646719,52.55334203,488.231323,16.04967122,443.1591725,0.821145969,189.5159458,150.3638358,20.02882125,72.4945311,319.7763108,216.2502515,200.5965479,77.79790072
E08000018,Rotherham,2.802796024,184.1154827,188.987457,90.23874555,311.2006501,225.4576646,59.74281995,1.05716199,127.8865037,26.51934117,417.3005876,393.7119553,54.17484933,488.051436,16.25621694,441.5212599,0.842719878,186.8016523,145.4669947,20.76702558,74.72367065,326.1250687,218.7986727,190.097289,75.99527475
E08000019,Sheffield,2.163432598,178.6359234,180.1776387,81.5887214,269.0418905,290.5558261,54.84229762,2.061010956,110.829202,38.15655418,419.4094404,400.4129209,46.71505041,473.1161156,13.60231293,466.5647242,1.148200524,189.0991028,141.7066321,19.01448817,65.81578839,425.6895043,170.7800037,158.8883119,64.46454145
E08000021,Newcastle upon Tyne,1.642648896,175.2536443,172.1782591,66.8121616,246.8304873,338.9254477,54.27405248,1.209496043,105.5560183,34.17909204,422.1174511,405.7076218,48.39650146,452.8812995,14.86380675,483.8617243,0.976259892,189.1478551,133.8408996,20.48812995,64.69970845,462.5772595,152.0033319,154.0424823,59.19866722
E08000022,North Tyneside,2.062526619,199.0170697,179.2388272,90.5645389,322.6586016,208.5209626,64.14409931,0.784812913,107.5002273,31.68442864,428.7088392,392.0619045,48.7541095,477.5921557,13.42795752,460.2162064,0.569467906,227.6723119,149.6169252,16.96918652,65.70415424,408.4089832,192.9730532,143.4102035,75.96893289
E08000023,South Tyneside,3.031656448,179.9233965,179.2196191,92.62116475,333.4957435,214.7400761,40.8258557,0.751147022,126.3009731,36.21070012,427.6801061,393.1002747,58.93458931,485.8703155,17.68917401,437.5329896,0.71054448,200.2111332,157.6867379,22.48704102,81.00883782,365.2333969,201.090855,168.1554265,86.3142366
E08000024,Sunderland,2.826661804,180.6802225,175.4390444,89.97902799,328.2283213,225.6733838,53.54244552,0.700282666,112.647032,33.66463025,429.0836145,395.4554573,61.39874168,488.713413,18.55019604,431.3230601,0.981125194,184.7907358,154.7734111,24.2363454,80.83523297,343.6163035,211.8464484,188.4416887,80.64557308
E08000025,Birmingham,2.37222229,194.4942782,222.9819079,61.62712089,231.6401699,289.2565232,63.35912266,4.759292805,139.3077932,49.52669099,401.4628122,375.5552799,45.20411069,464.4821725,14.73467969,475.5799105,1.458619744,149.4578651,128.1882196,21.87492903,68.87742179,364.9623816,175.8125909,185.3390374,50.90495564
E08000026,Coventry,1.72012371,191.4231273,198.2225388,70.26155147,241.578923,298.5138594,50.43089968,2.478831474,127.2399254,45.72806987,405.0746545,396.6999108,40.90651099,460.9555085,12.65188634,485.48899,1.4218531,174.7923689,132.220755,18.00917399,62.002641,397.3543687,180.879406,155.4221543,68.12153224
E08000027,Dudley,2.235013354,183.1319863,188.5695915,99.65748343,303.4455683,225.1953705,51.76389851,1.706400237,128.7713918,33.126422,416.5873232,394.8430854,47.2938718,500.8099219,13.40698882,438.4892175,0.791374023,187.0981304,146.3980117,18.04394599,71.40295776,342.0621476,210.0696162,187.2372391,72.06140568
E08000028,Sandwell,2.817156866,204.97961,221.7567591,67.8428711,256.4753652,248.9453945,50.23198395,3.103845726,157.2137353,44.11497979,400.1445146,378.1045771,51.1125283,485.0599999,15.25301755,448.5715289,1.155531632,144.4794842,134.7320629,23.87416114,76.77410673,291.8989919,195.3023982,224.7845445,66.25145538
E08000029,Solihull,2.543481981,184.8001517,193.0179107,104.4353701,310.1105721,207.6359954,89.81266099,1.317986117,102.8167907,28.20952742,421.3763475,385.6057418,38.35108375,457.8591281,11.24681487,492.5475978,0.763044594,209.8511369,133.722409,13.4804545,55.99822419,416.7287122,191.0571174,141.7043179,57.50119081
E08000030,Walsall,3.097239234,188.9280737,214.7794625,84.66725796,274.5772972,237.0479087,53.63503259,1.717559939,146.274162,43.82593516,406.713266,378.5143107,50.05560952,490.0958736,15.78184173,444.0666751,1.112190452,158.8355788,138.281173,22.10302544,74.65754389,309.5162675,201.8731258,206.885022,66.94612212
E08000031,Wolverhampton,2.78698346,199.8324018,209.6304498,78.39575923,269.9733815,242.1680077,49.21395691,3.295086567,141.6659715,44.64102895,406.9754215,383.4017124,49.11536974,488.180915,14.34822505,448.359282,1.190629669,160.8260088,140.4980927,21.41995859,74.74045032,326.4865808,195.991294,200.2191669,67.67250859
E08000032,Bradford,2.126608225,197.1083985,228.4676342,66.80880657,259.3821489,248.2330118,102.0076499,2.084515291,121.3905309,37.14609908,397.9282956,373.6077305,45.57749675,479.1054336,13.8723669,461.4410424,1.409198221,164.9695284,132.1846233,20.89273622,64.62729452,332.969748,189.4346736,185.0661591,64.06361523
E08000033,Calderdale,1.538975275,191.0265159,193.5672769,83.97094337,318.0936065,213.3416574,76.95360328,1.384109838,103.0532689,40.3424462,417.8705035,388.5573801,43.83175806,477.0339397,13.04257348,466.0917287,0.963069433,209.1893278,144.8137017,18.05634198,64.84022243,389.6559568,191.9557085,154.6960524,70.12500544
E08000034,Kirklees,2.005927759,192.5367484,200.6874169,79.29531689,291.9375092,235.5430086,78.9513776,2.035935884,106.581936,43.39174915,412.0069434,387.3056397,43.09397622,478.8950547,12.4141306,465.5991468,1.082600827,191.5787967,137.5595546,18.19184887,62.44460038,377.9154048,184.4068548,165.8110504,71.17696484
E08000035,Leeds,1.890503514,193.8215636,189.0281827,72.37857364,255.7918993,288.9797808,72.27019298,2.309246964,95.57572914,43.21309238,419.7225701,391.2492472,38.9443724,454.6568582,11.22725084,495.1715185,1.184797642,203.1620057,138.3552989,17.39509553,60.45177492,430.0002586,171.6626455,147.2954715,62.00974687
E08000036,Wakefield,2.269614335,190.0052071,186.3008116,83.99271007,310.736238,228.9650332,61.03055207,0.962180641,116.4606468,32.59245424,417.6514869,396.0646812,50.6559808,487.4520325,14.82324176,447.0857246,0.735785196,193.8086506,146.5825608,20.48878777,71.5805798,329.9458915,209.5035148,198.755391,75.51420065
E08000037,Gateshead,2.273758482,188.27332,175.3852899,93.87665625,316.5571422,225.9075916,54.54981111,0.581184903,105.168977,38.66918853,423.2606512,401.3489607,56.69101865,488.8784661,16.95632446,437.4741908,0.83099245,203.2974596,151.5821994,22.30934331,75.70698085,370.5410628,195.2679313,178.3065088,80.4839129
E09000001,City of London,1.281304601,211.6482236,67.32673267,57.65870705,271.5200932,391.8462434,7.804309843,7.687827606,24.9271986,34.8281887,416.7734421,515.4338963,21.66569598,397.553873,5.474665114,575.0728014,0.931857892,342.1083285,180.1980198,8.736167734,40.41933605,774.2574257,71.63657542,61.61910309,25.04368084
E09000002,Barking and Dagenham,2.343867793,231.3849837,260.9963037,37.958779,203.1854671,266.4744665,45.2371053,13.70226026,135.0899396,103.6738871,385.8152594,353.183868,37.32369591,439.8658558,11.41321978,511.3972285,1.31128666,126.9298073,125.1707642,19.86576445,64.37640781,345.4577853,169.5945977,168.1188291,55.83705321
E09000003,Barnet,2.226839711,226.9064907,205.4420161,67.54233435,250.3281185,249.7810403,92.93395764,8.419354756,70.52943307,64.10832663,416.239235,378.313612,30.11242073,411.2564564,10.0811371,548.5576911,1.715719639,189.615273,126.2029943,13.90811654,51.05293303,488.474114,133.530761,122.6739542,49.87915478
E09000004,Bexley,2.349151222,206.3479827,205.4797299,79.91982862,278.5022234,229.7502353,70.45425038,4.799733844,108.1786166,51.45412055,418.4126392,376.1157454,32.97737674,448.8582882,10.27702944,507.8913629,0.835794735,187.5994028,132.3679769,12.16365348,53.68561135,382.7939888,202.6518225,144.3652829,64.70106138
E09000005,Brent,2.33067307,224.1330602,190.3177013,51.93104504,238.2465805,295.3716129,63.59323869,14.28714363,70.26449608,74.06949643,416.4253596,393.2539963,32.83541681,436.0330296,10.86470325,520.2609648,1.739176496,139.4166255,127.4218989,18.62184241,61.84817666,424.7475104,148.4450408,175.8893048,60.60044259
E09000006,Bromley,2.03943102,222.8343546,196.6793336,86.02580653,286.0324733,208.428032,87.5046213,4.948574823,85.13185088,47.41298327,424.9653024,378.346273,29.37629169,428.0138427,8.618338515,533.982436,0.690921653,224.9101499,128.5902168,10.86686425,46.54630084,463.4266078,176.6335145,110.8535307,52.39792239
E09000007,Camden,1.465738366,211.3328225,153.3695326,53.11873908,227.5701579,354.6087478,44.49087007,14.96195267,58.88175584,60.96139112,450.8715908,395.7779121,38.13299196,393.9124269,12.64437285,555.324485,2.869611151,209.7814241,140.8679265,23.49940276,64.41158695,604.7883959,103.6105704,99.68924443,38.56129213
E09000008,Croydon,2.336717692,219.4287967,205.5722911,61.55574722,261.668872,251.774293,58.0801036,12.24409358,94.18021647,71.53990464,418.6845278,375.7329436,32.58863787,445.4300917,9.97647926,512.0047912,1.412780029,187.87415,132.5044341,14.28392272,55.37227522,442.4586468,170.4831349,127.6544012,53.8289666
E09000009,Ealing,2.018446586,236.4796766,195.4270336,53.06798433,243.2650348,271.7602707,63.75131431,12.11340347,81.63676678,69.00853686,411.847546,392.7281444,31.64956934,433.805303,10.02685814,524.5209935,1.411005846,167.5964414,124.353743,15.48837691,55.22807629,460.077796,139.6895787,144.1650278,60.64328792
E09000010,Enfield,2.251624321,216.0135037,220.6228181,63.83642843,256.876091,242.6511588,65.70621606,12.60970229,103.6535105,74.1884455,414.5019152,364.884358,36.81996703,444.6882273,12.0460386,506.4457671,1.715234678,154.5923439,130.6730023,18.21906517,61.24236327,387.4339362,161.0865981,175.1994036,55.65724399
E09000011,Greenwich,1.660508946,236.2938824,205.21469,44.71612216,224.7913986,288.9839069,48.81896301,10.57882574,98.18105083,74.99619467,412.9236028,381.8686261,35.05749512,426.7750149,10.90400875,527.2634813,1.480620477,190.3427567,126.6795356,18.61845656,57.42939378,467.2948926,145.6266346,132.5605048,49.30673752
E09000012,Hackney,1.840639941,222.6942801,191.6966687,30.98989384,194.8454364,359.7737209,55.86361514,14.47429857,72.41779826,77.34546535,427.4760852,380.8156697,36.53110759,383.3161617,13.53275529,566.608399,2.334564285,184.0099711,133.0740231,24.43767871,65.48742229,516.671876,116.6548974,135.2233657,39.74161583
E09000013,Hammersmith and Fulham,1.534202897,217.4200276,155.7680023,45.14705963,219.5220494,362.142861,60.90403315,12.27362318,48.94707819,56.49251735,453.2723292,390.9542087,30.59124139,368.7492152,10.62476455,590.0347789,2.069262982,227.9355962,137.8216503,18.12106553,57.62815508,596.2534874,105.2594222,100.0889947,42.62463351
E09000014,Haringey,1.793844163,241.9418931,182.5520272,44.44116456,236.4657486,294.5991667,61.69839954,17.1323471,62.1941666,71.01957712,428.8271514,388.609468,36.18721072,420.8986629,12.39417644,530.5237344,2.297180183,172.2847292,134.6518466,21.7796902,66.71662182,490.20387,125.3571604,151.0802802,50.8066622
E09000015,Harrow,2.469343767,222.2907088,197.4785894,71.8559894,256.3485105,252.0262018,75.02210924,9.372020995,89.06099853,54.19156748,410.9102882,391.6149508,29.53641421,446.0170825,9.318422836,515.1280805,0.892026508,167.2300854,118.5017017,10.57797958,45.98722067,462.242011,149.3359571,139.5619499,51.37766412
E09000016,Havering,3.220734816,201.6470014,199.6626624,84.40309557,278.849236,235.4380047,64.8726207,5.247050204,112.7905912,45.36504205,420.2677331,380.0696045,34.11918245,456.6078488,10.27277029,499.0001984,0.808999741,182.799597,133.4315327,12.73411384,56.70248653,366.5150428,208.6646925,160.0712836,65.08631875
E09000017,Hillingdon,2.307875872,224.4817903,209.3138809,62.31591748,245.2101769,258.6782344,60.23686783,10.10431207,100.3697178,67.97446299,403.9600012,386.7326558,30.21813677,447.2343082,9.401488678,513.1460663,1.06894534,163.8918763,124.8966196,13.43536803,53.76762371,413.5216682,171.2470048,143.5263428,62.39110324
E09000018,Hounslow,1.974453555,246.2480177,206.4674632,50.2427294,236.3236993,260.7180904,55.63170369,13.75871414,83.77026938,82.85764849,402.9273269,390.6329703,31.28936328,439.4356325,10.07353018,519.2014741,1.457417387,157.5606997,125.8584015,15.1883712,57.21404256,427.238437,156.3739455,147.9278648,61.99228957
E09000019,Islington,1.500537885,214.281427,152.1914779,39.21713476,209.4612376,384.8487227,37.9289807,13.02928588,53.96395939,68.20290966,448.1760385,399.6278666,41.09626989,396.5575352,14.34975922,547.9964356,2.077667841,215.4172188,135.7548167,24.97356745,67.30258693,583.1875118,108.1264515,116.6125704,39.88198847
E09000020,Kensington and Chelsea,1.75065388,211.717524,141.489102,64.69747167,283.6896251,298.4062772,55.163034,7.686137751,52.97994769,49.5065388,462.8770706,395.6338274,33.52048823,359.1490846,11.25719268,596.0732345,2.971229294,245.3286835,141.2031386,20.35222319,56.64167393,618.413252,99.38273758,97.44376635,43.27114211
E09000021,Kingston upon Thames,1.814784844,233.018374,193.9677742,65.42745621,258.074305,249.5120906,84.06916413,5.337252475,80.51099581,52.91436596,422.083254,383.9489718,25.9841489,425.0404608,7.758948972,541.2104912,0.690213252,218.0062357,120.6326161,9.234577304,41.91855484,531.6308073,131.2773705,95.9634425,47.1665556
E09000022,Lambeth,1.640149345,218.1335667,153.3429455,35.96365857,213.0053454,379.5544838,46.69860918,13.18100827,54.55306717,62.39178477,440.3250077,406.3320468,30.1648964,398.0777827,9.714972895,562.042348,1.489041536,212.0735139,134.5016905,17.31128838,58.63297802,576.8760979,117.3509542,110.7651722,41.66797837
E09000023,Lewisham,1.826626829,239.6773957,193.4494301,41.76287789,226.8311185,298.2791778,47.81170771,12.7863878,80.25180167,79.80595833,429.8162726,376.7209886,32.90922763,425.547489,10.36086693,531.1691077,1.783373371,192.2549692,132.295694,19.14797341,61.73932139,506.9005902,136.9604131,117.9388729,44.74403934
E09000024,Merton,1.998271263,244.4303997,197.1039008,56.1746582,243.0501984,259.2408428,75.6508323,10.88825481,84.38746015,53.8324984,418.0569368,384.8438095,26.0193507,417.0299183,7.918730772,549.0134117,0.780719935,204.7391559,118.9482587,10.57689627,44.76127629,502.8115212,134.2001803,114.3615291,51.51822145
E09000025,Newham,2.122289452,235.565583,213.2630272,27.82620586,184.9610866,338.3840974,51.75537552,17.90699529,97.34614114,78.8409166,394.8597865,391.8885812,33.68030629,440.618626,11.56576533,514.1353024,1.427204047,129.3286159,117.640356,20.17172028,60.4781276,418.5126312,151.0186989,162.8066637,54.40182773
E09000026,Redbridge,2.630052214,232.4695417,219.9542319,54.86688584,231.5380648,261.1712757,91.4491072,13.08579901,90.12118868,60.06575131,398.1853929,381.8764907,30.51311803,446.5931799,9.762779604,513.1244762,0.892799587,154.6896152,116.8503835,12.4701863,49.37471798,437.600722,154.841101,135.2027332,52.40121189
E09000027,Richmond upon Thames,1.510659108,240.414996,201.987925,73.54605462,288.7919336,195.2590908,109.0081371,4.286175165,69.50056074,48.14137721,420.0810123,377.9003375,23.4228975,375.7956565,6.964394533,593.8119306,0.665714183,252.2595876,115.957169,8.592833843,35.8051813,578.2444605,111.6761147,72.52699983,35.55937914
E09000028,Southwark,1.362003673,222.029353,167.40943,34.49867538,212.4010597,363.661482,39.20555203,17.38423781,59.42756838,75.72935459,433.5169925,399.0735775,31.04978302,400.9004177,10.1873974,557.8689031,1.332748224,206.4361987,135.9305671,19.71817251,61.82001398,559.3901864,116.9762868,115.4485023,40.78209567
E09000029,Sutton,2.170428743,233.9054361,209.8017516,70.46499647,266.7957794,219.0320365,67.71260661,8.371653724,93.89608655,70.13108436,414.5232689,375.6940602,30.1570341,446.6456143,9.025167433,514.1864947,0.892022363,199.8320899,130.0206071,12.15917113,49.91032075,437.6872293,175.4469652,119.8362877,57.24207674
E09000030,Tower Hamlets,1.611317897,225.4427096,185.0469699,22.85493305,140.4392453,426.2161422,31.31112937,16.16796378,67.90738145,95.15154445,407.0446818,407.9051256,36.00328709,421.7753501,12.55538905,529.6691964,1.698329063,180.2613558,123.5461884,22.73247289,60.21494981,517.6906592,124.35507,132.1248449,40.77923333
E09000031,Waltham Forest,1.950262908,249.7342183,202.0084475,44.52920725,221.4679769,282.26015,62.46587938,15.32913829,83.92236301,69.40493636,410.9308106,387.0751085,33.31968508,440.9066747,10.60612591,515.1746976,1.364824871,167.2844295,124.938942,16.52156423,59.47403959,447.8062236,150.7772318,145.5873057,53.8279746
E09000032,Wandsworth,1.364860491,228.0752108,164.7236997,42.60379963,197.000971,367.5963188,71.84906536,8.882280019,49.47084939,55.03410625,445.4727547,389.8035456,24.02398735,362.3292398,7.318949882,606.327823,1.209138153,244.8382625,116.8589278,12.55854855,44.0449946,618.4924856,96.6516644,83.05802031,37.07412994
E09000033,Westminster,1.752856961,214.9844789,131.0676759,54.51972699,244.9837934,354.4443248,30.28819319,12.21613999,51.28820298,59.6705804,451.6985086,417.224023,36.25182385,385.9076176,14.60061301,563.2301531,3.344137722,232.7676534,141.2029103,24.60364868,62.31945084,608.9709065,101.8223837,112.035958,46.09328333
